Series Name,Series Code,Country Name,Country Code,2014 [YR2014],2015 [YR2015],2016 [YR2016],2017 [YR2017],2018 [YR2018],2019 [YR2019],2020 [YR2020],2021 [YR2021],2022 [YR2022],2023 [YR2023]
Capital health expenditure (% of GDP),SH.XPD.KHEX.GD.ZS,Afghanistan,AFG,0.164755,0.21357547,..,0.28592768,0.3672294,0.31406656,0.41934216,0.53925675,..,..
Capital health expenditure (% of GDP),SH.XPD.KHEX.GD.ZS,Africa Eastern and Southern,AFE,..,..,..,..,..,..,..,..,..,..
Capital health expenditure (% of GDP),SH.XPD.KHEX.GD.ZS,Africa Western and Central,AFW,..,..,..,..,..,..,..,..,..,..
Capital health expenditure (% of GDP),SH.XPD.KHEX.GD.ZS,Albania,ALB,0.14262114,0.15886292,0.14996682,0.14722906,0.16766663,0.17388704,0.1790123,0.1932281,..,..
Capital health expenditure (% of GDP),SH.XPD.KHEX.GD.ZS,Algeria,DZA,..,0.01103354,..,..,..,..,..,..,..,..
Capital health expenditure (% of GDP),SH.XPD.KHEX.GD.ZS,American Samoa,ASM,..,..,..,..,..,..,..,..,..,..
Capital health expenditure (% of GDP),SH.XPD.KHEX.GD.ZS,Andorra,AND,0.07309079,0.11930761,0.14139073,0.10919669,0.06971787,0.10289445,..,..,..,..
Capital health expenditure (% of GDP),SH.XPD.KHEX.GD.ZS,Angola,AGO,..,..,..,..,..,..,..,..,..,..
Capital health expenditure (% of GDP),SH.XPD.KHEX.GD.ZS,Antigua and Barbuda,ATG,..,0.04921389,0.14435445,0.00550222,0.02265624,0.02125437,0.00538559,0.0028755,..,..
Capital health expenditure (% of GDP),SH.XPD.KHEX.GD.ZS,Arab World,ARB,..,..,..,..,..,..,..,..,..,..
Capital health expenditure (% of GDP),SH.XPD.KHEX.GD.ZS,Argentina,ARG,0.03190604,0.0230072,0.03173462,0.00970424,..,..,..,..,..,..
Capital health expenditure (% of GDP),SH.XPD.KHEX.GD.ZS,Armenia,ARM,0.07,0.1,0.14,0.07,0.03,0.03,0.06,0.03,..,..
Capital health expenditure (% of GDP),SH.XPD.KHEX.GD.ZS,Aruba,ABW,..,..,..,..,..,..,..,..,..,..
Capital health expenditure (% of GDP),SH.XPD.KHEX.GD.ZS,Australia,AUS,..,..,..,..,..,..,..,..,..,..
Capital health expenditure (% of GDP),SH.XPD.KHEX.GD.ZS,Austria,AUT,..,..,..,..,..,..,..,..,..,..
Capital health expenditure (% of GDP),SH.XPD.KHEX.GD.ZS,Azerbaijan,AZE,0.3,0.19,0.22,0.14,0.18,0.16,..,..,..,..
Capital health expenditure (% of GDP),SH.XPD.KHEX.GD.ZS,"Bahamas, The",BHS,..,..,..,..,0.07870513,0.08865988,0.12443299,1.29233575,..,..
Capital health expenditure (% of GDP),SH.XPD.KHEX.GD.ZS,Bahrain,BHR,..,..,..,..,..,..,..,..,..,..
Capital health expenditure (% of GDP),SH.XPD.KHEX.GD.ZS,Bangladesh,BGD,0.13653828,0.15371795,0.06978054,0.02475028,..,..,..,..,..,..
Capital health expenditure (% of GDP),SH.XPD.KHEX.GD.ZS,Barbados,BRB,0.12614654,0.16388306,0.15976328,0.07678612,0.18790331,0.39248982,..,0.07807799,..,..
Capital health expenditure (% of GDP),SH.XPD.KHEX.GD.ZS,Belarus,BLR,0.25,1.83,0.26,0.17,0.13,0.12,..,0.16,..,..
Capital health expenditure (% of GDP),SH.XPD.KHEX.GD.ZS,Belgium,BEL,..,..,..,..,..,..,..,..,..,..
Capital health expenditure (% of GDP),SH.XPD.KHEX.GD.ZS,Belize,BLZ,0.06370138,0.0387337,0.02074975,0.08814131,0.01611369,0.02864525,0.00361346,0.03951643,..,..
Capital health expenditure (% of GDP),SH.XPD.KHEX.GD.ZS,Benin,BEN,0.50466776,0.18267429,..,..,..,..,..,..,..,..
Capital health expenditure (% of GDP),SH.XPD.KHEX.GD.ZS,Bermuda,BMU,..,..,..,..,..,..,..,..,..,..
Capital health expenditure (% of GDP),SH.XPD.KHEX.GD.ZS,Bhutan,BTN,0.94118506,0.57909006,0.6705513,0.90011787,0.85157996,0.5658282,0.59763694,1.55343711,..,..
Capital health expenditure (% of GDP),SH.XPD.KHEX.GD.ZS,Bolivia,BOL,0.79155195,0.97720146,0.96726048,0.59475273,0.77348602,0.81315786,..,..,..,..
Capital health expenditure (% of GDP),SH.XPD.KHEX.GD.ZS,Bosnia and Herzegovina,BIH,..,..,..,..,..,..,..,..,..,..
Capital health expenditure (% of GDP),SH.XPD.KHEX.GD.ZS,Botswana,BWA,0.01509336,0.02407356,0.18414521,0.13817585,0.3231802,0.27252728,..,..,..,..
Capital health expenditure (% of GDP),SH.XPD.KHEX.GD.ZS,Brazil,BRA,0.37300876,0.2895411,0.31721717,0.25351468,0.33637446,0.292492,0.20817091,..,..,..
Capital health expenditure (% of GDP),SH.XPD.KHEX.GD.ZS,British Virgin Islands,VGB,..,..,..,..,..,..,..,..,..,..
Capital health expenditure (% of GDP),SH.XPD.KHEX.GD.ZS,Brunei Darussalam,BRN,0.12001477,0.14624818,0.16510034,0.15524241,0.0958964,0.06312925,..,..,..,..
Capital health expenditure (% of GDP),SH.XPD.KHEX.GD.ZS,Bulgaria,BGR,..,..,..,..,..,..,..,..,..,..
Capital health expenditure (% of GDP),SH.XPD.KHEX.GD.ZS,Burkina Faso,BFA,0.37635019,0.20242706,0.15963098,0.37034538,0.35448551,0.22654672,0.27822477,0.25564057,..,..
Capital health expenditure (% of GDP),SH.XPD.KHEX.GD.ZS,Burundi,BDI,0.09365737,0.09443311,0.41067103,..,0.23678015,..,0.83291042,..,..,..
Capital health expenditure (% of GDP),SH.XPD.KHEX.GD.ZS,Cabo Verde,CPV,0.21673608,0.80582416,0.36864075,..,..,..,..,..,..,..
Capital health expenditure (% of GDP),SH.XPD.KHEX.GD.ZS,Cambodia,KHM,0.01884363,0.11671315,0.0606468,0.04164732,0.03425035,0.05146568,..,..,..,..
Capital health expenditure (% of GDP),SH.XPD.KHEX.GD.ZS,Cameroon,CMR,..,..,..,..,0.07812227,0.11039094,..,..,..,..
Capital health expenditure (% of GDP),SH.XPD.KHEX.GD.ZS,Canada,CAN,0.43591252,0.45552984,0.42353997,0.38220248,0.38157806,0.38803828,0.48073846,0.47270992,0.46564117,..
Capital health expenditure (% of GDP),SH.XPD.KHEX.GD.ZS,Caribbean small states,CSS,..,..,..,..,..,..,..,..,..,..
Capital health expenditure (% of GDP),SH.XPD.KHEX.GD.ZS,Cayman Islands,CYM,..,..,..,..,..,..,..,..,..,..
Capital health expenditure (% of GDP),SH.XPD.KHEX.GD.ZS,Central African Republic,CAF,..,0.00585613,0.0168736,0.03225795,0.20133004,..,..,..,..,..
Capital health expenditure (% of GDP),SH.XPD.KHEX.GD.ZS,Central Europe and the Baltics,CEB,..,..,..,..,..,..,..,..,..,..
Capital health expenditure (% of GDP),SH.XPD.KHEX.GD.ZS,Chad,TCD,..,..,..,..,0.00902214,..,..,..,..,..
Capital health expenditure (% of GDP),SH.XPD.KHEX.GD.ZS,Channel Islands,CHI,..,..,..,..,..,..,..,..,..,..
Capital health expenditure (% of GDP),SH.XPD.KHEX.GD.ZS,Chile,CHL,0.25426513,0.32279283,0.30339482,0.24574648,0.24780443,..,..,..,..,..
Capital health expenditure (% of GDP),SH.XPD.KHEX.GD.ZS,China,CHN,0.49409622,0.57038069,0.6178003,0.63337505,0.63165569,0.58143049,0.62190121,..,..,..
Capital health expenditure (% of GDP),SH.XPD.KHEX.GD.ZS,Colombia,COL,0.86036724,..,0,..,..,..,..,..,..,..
Capital health expenditure (% of GDP),SH.XPD.KHEX.GD.ZS,Comoros,COM,..,0.04664609,..,..,..,1.42860985,..,..,..,..
Capital health expenditure (% of GDP),SH.XPD.KHEX.GD.ZS,"Congo, Dem. Rep.",COD,0.07617282,0.15987639,0.15640277,0.10640877,0.06056888,0.09315362,0.13557999,0.32498211,..,..
Capital health expenditure (% of GDP),SH.XPD.KHEX.GD.ZS,"Congo, Rep.",COG,2.75927162,0.25754899,0.158695,0.18232076,0.07505632,0.04327802,0.22358389,..,..,..
Capital health expenditure (% of GDP),SH.XPD.KHEX.GD.ZS,Costa Rica,CRI,0.19350375,0.21174414,0.24311852,0.25388139,0.24196576,0.28705469,0.42624232,0.31923714,..,..
Capital health expenditure (% of GDP),SH.XPD.KHEX.GD.ZS,Cote d'Ivoire,CIV,0.30387112,0.37695152,0.39677092,0.27921104,0.42582339,0.25809777,0.83561867,..,..,..
Capital health expenditure (% of GDP),SH.XPD.KHEX.GD.ZS,Croatia,HRV,..,..,..,..,..,..,..,..,..,..
Capital health expenditure (% of GDP),SH.XPD.KHEX.GD.ZS,Cuba,CUB,0.12799825,0.21806544,0.25456932,0.16551197,0.14662668,0.09368836,0.07871302,0.18588093,..,..
Capital health expenditure (% of GDP),SH.XPD.KHEX.GD.ZS,Curacao,CUW,..,..,..,..,..,..,..,..,..,..
Capital health expenditure (% of GDP),SH.XPD.KHEX.GD.ZS,Cyprus,CYP,..,..,..,..,..,..,..,..,..,..
Capital health expenditure (% of GDP),SH.XPD.KHEX.GD.ZS,Czechia,CZE,..,..,..,..,..,..,..,..,..,..
Capital health expenditure (% of GDP),SH.XPD.KHEX.GD.ZS,Denmark,DNK,..,..,..,..,..,..,..,..,..,..
Capital health expenditure (% of GDP),SH.XPD.KHEX.GD.ZS,Djibouti,DJI,0.37468424,..,..,..,..,..,..,..,..,..
Capital health expenditure (% of GDP),SH.XPD.KHEX.GD.ZS,Dominica,DMA,0.40258348,0.08918918,0.08731899,1.27452898,0.23165241,0.5979141,0.723436,6.01793432,..,..
Capital health expenditure (% of GDP),SH.XPD.KHEX.GD.ZS,Dominican Republic,DOM,0.08639197,0.16807558,0.14283115,0.3129181,0.25978184,..,..,..,..,..
Capital health expenditure (% of GDP),SH.XPD.KHEX.GD.ZS,Early-demographic dividend,EAR,..,..,..,..,..,..,..,..,..,..
Capital health expenditure (% of GDP),SH.XPD.KHEX.GD.ZS,East Asia & Pacific,EAS,..,..,..,..,..,..,..,..,..,..
Capital health expenditure (% of GDP),SH.XPD.KHEX.GD.ZS,East Asia & Pacific (excluding high income),EAP,..,..,..,..,..,..,..,..,..,..
Capital health expenditure (% of GDP),SH.XPD.KHEX.GD.ZS,East Asia & Pacific (IDA & IBRD countries),TEA,..,..,..,..,..,..,..,..,..,..
Capital health expenditure (% of GDP),SH.XPD.KHEX.GD.ZS,Ecuador,ECU,0.4719806,0.59769768,0.66448396,0.84224993,0.38357785,0.30371851,0.21542637,0.2049319,..,..
Capital health expenditure (% of GDP),SH.XPD.KHEX.GD.ZS,"Egypt, Arab Rep.",EGY,..,0.36649528,..,..,..,..,..,..,..,..
Capital health expenditure (% of GDP),SH.XPD.KHEX.GD.ZS,El Salvador,SLV,..,..,..,0.42633641,0.3281121,0.19249594,0.40777028,0.28969133,..,..
Capital health expenditure (% of GDP),SH.XPD.KHEX.GD.ZS,Equatorial Guinea,GNQ,0.51100546,0.41528231,0.25674915,0.16838066,0.08114436,0.0631686,0.11782518,0.10016969,..,..
Capital health expenditure (% of GDP),SH.XPD.KHEX.GD.ZS,Eritrea,ERI,..,..,..,..,..,..,..,..,..,..
Capital health expenditure (% of GDP),SH.XPD.KHEX.GD.ZS,Estonia,EST,..,..,..,..,..,..,..,..,..,..
Capital health expenditure (% of GDP),SH.XPD.KHEX.GD.ZS,Eswatini,SWZ,..,..,..,0.56400126,..,..,..,0.48847026,..,..
Capital health expenditure (% of GDP),SH.XPD.KHEX.GD.ZS,Ethiopia,ETH,0.48604342,..,..,0.33443406,..,..,0.2887629,..,..,..
Capital health expenditure (% of GDP),SH.XPD.KHEX.GD.ZS,Euro area,EMU,..,..,..,..,..,..,..,..,..,..
Capital health expenditure (% of GDP),SH.XPD.KHEX.GD.ZS,Europe & Central Asia,ECS,..,..,..,..,..,..,..,..,..,..
Capital health expenditure (% of GDP),SH.XPD.KHEX.GD.ZS,Europe & Central Asia (excluding high income),ECA,..,..,..,..,..,..,..,..,..,..
Capital health expenditure (% of GDP),SH.XPD.KHEX.GD.ZS,Europe & Central Asia (IDA & IBRD countries),TEC,..,..,..,..,..,..,..,..,..,..
Capital health expenditure (% of GDP),SH.XPD.KHEX.GD.ZS,European Union,EUU,..,..,..,..,..,..,..,..,..,..
Capital health expenditure (% of GDP),SH.XPD.KHEX.GD.ZS,Faroe Islands,FRO,..,..,..,..,..,..,..,..,..,..
Capital health expenditure (% of GDP),SH.XPD.KHEX.GD.ZS,Fiji,FJI,0.35671431,0.37568724,0.40835673,0.30935383,0.36054441,..,..,..,..,..
Capital health expenditure (% of GDP),SH.XPD.KHEX.GD.ZS,Finland,FIN,..,..,..,..,..,..,..,..,..,..
Capital health expenditure (% of GDP),SH.XPD.KHEX.GD.ZS,Fragile and conflict affected situations,FCS,..,..,..,..,..,..,..,..,..,..
Capital health expenditure (% of GDP),SH.XPD.KHEX.GD.ZS,France,FRA,..,..,..,..,..,..,..,..,..,..
Capital health expenditure (% of GDP),SH.XPD.KHEX.GD.ZS,French Polynesia,PYF,..,..,..,..,..,..,..,..,..,..
Capital health expenditure (% of GDP),SH.XPD.KHEX.GD.ZS,Gabon,GAB,0.72477925,0.57113469,0.16015865,0.13134612,0.35308269,0.19014856,..,..,..,..
Capital health expenditure (% of GDP),SH.XPD.KHEX.GD.ZS,"Gambia, The",GMB,..,0.14672662,0.09463828,0.23408702,0.272257,0.17795484,..,..,..,..
Capital health expenditure (% of GDP),SH.XPD.KHEX.GD.ZS,Georgia,GEO,0.31,0.5,0.34,..,0.07,0.05,..,..,..,..
Capital health expenditure (% of GDP),SH.XPD.KHEX.GD.ZS,Germany,DEU,..,..,..,..,..,..,..,..,..,..
Capital health expenditure (% of GDP),SH.XPD.KHEX.GD.ZS,Ghana,GHA,0.24073,0.04250079,0.16224867,0.03177043,..,..,..,..,..,..
Capital health expenditure (% of GDP),SH.XPD.KHEX.GD.ZS,Gibraltar,GIB,..,..,..,..,..,..,..,..,..,..
Capital health expenditure (% of GDP),SH.XPD.KHEX.GD.ZS,Greece,GRC,..,..,..,..,..,..,..,..,..,..
Capital health expenditure (% of GDP),SH.XPD.KHEX.GD.ZS,Greenland,GRL,..,..,..,..,..,..,..,..,..,..
Capital health expenditure (% of GDP),SH.XPD.KHEX.GD.ZS,Grenada,GRD,0.15559874,0.25502685,0.22173311,0.30077618,0.17195028,0.24716707,0.24636412,0.60635191,..,..
Capital health expenditure (% of GDP),SH.XPD.KHEX.GD.ZS,Guam,GUM,..,..,..,..,..,..,..,..,..,..
Capital health expenditure (% of GDP),SH.XPD.KHEX.GD.ZS,Guatemala,GTM,0.20184702,0.09010421,0.04332273,0.06498658,0.10326941,0.11990073,0.12322722,0.04263267,..,..
Capital health expenditure (% of GDP),SH.XPD.KHEX.GD.ZS,Guinea,GIN,0.26676938,0.53523672,0.39419037,0.28192675,0.24960864,0.18897702,0.12596728,0.16138035,..,..
Capital health expenditure (% of GDP),SH.XPD.KHEX.GD.ZS,Guinea-Bissau,GNB,..,0.08868791,0.0830757,0.17551759,0.01152174,..,0.08484552,0.47665685,..,..
Capital health expenditure (% of GDP),SH.XPD.KHEX.GD.ZS,Guyana,GUY,0.23273689,0.11412014,0.01870428,0.23711008,0.23649916,0.27025029,0.36497116,0.30850273,..,..
Capital health expenditure (% of GDP),SH.XPD.KHEX.GD.ZS,Haiti,HTI,0.20958008,0.22267249,0.16662404,0.09705564,0.09930997,0.15208527,0.4495289,..,..,..
Capital health expenditure (% of GDP),SH.XPD.KHEX.GD.ZS,Heavily indebted poor countries (HIPC),HPC,..,..,..,..,..,..,..,..,..,..
Capital health expenditure (% of GDP),SH.XPD.KHEX.GD.ZS,High income,HIC,..,..,..,..,..,..,..,..,..,..
Capital health expenditure (% of GDP),SH.XPD.KHEX.GD.ZS,Honduras,HND,0.31972864,0.20490398,0.27350008,0.13803047,0.08132508,0.06970394,0.08871051,0.05324105,..,..
Capital health expenditure (% of GDP),SH.XPD.KHEX.GD.ZS,"Hong Kong SAR, China",HKG,..,..,..,..,..,..,..,..,..,..
Capital health expenditure (% of GDP),SH.XPD.KHEX.GD.ZS,Hungary,HUN,..,..,..,..,..,..,..,..,..,..
Capital health expenditure (% of GDP),SH.XPD.KHEX.GD.ZS,IBRD only,IBD,..,..,..,..,..,..,..,..,..,..
Capital health expenditure (% of GDP),SH.XPD.KHEX.GD.ZS,Iceland,ISL,..,..,..,..,..,..,..,..,..,..
Capital health expenditure (% of GDP),SH.XPD.KHEX.GD.ZS,IDA & IBRD total,IBT,..,..,..,..,..,..,..,..,..,..
Capital health expenditure (% of GDP),SH.XPD.KHEX.GD.ZS,IDA blend,IDB,..,..,..,..,..,..,..,..,..,..
Capital health expenditure (% of GDP),SH.XPD.KHEX.GD.ZS,IDA only,IDX,..,..,..,..,..,..,..,..,..,..
Capital health expenditure (% of GDP),SH.XPD.KHEX.GD.ZS,IDA total,IDA,..,..,..,..,..,..,..,..,..,..
Capital health expenditure (% of GDP),SH.XPD.KHEX.GD.ZS,India,IND,0.26,0.24,0.27,0.38,0.3,0.31,0.38,..,..,..
Capital health expenditure (% of GDP),SH.XPD.KHEX.GD.ZS,Indonesia,IDN,0.10707583,0.18466647,0.19835542,0.21494839,0.19273698,..,..,..,..,..
Capital health expenditure (% of GDP),SH.XPD.KHEX.GD.ZS,"Iran, Islamic Rep.",IRN,0.18094368,..,..,..,..,..,..,..,..,..
Capital health expenditure (% of GDP),SH.XPD.KHEX.GD.ZS,Iraq,IRQ,..,..,..,..,0.02402343,0.01325262,..,0.06214834,..,..
Capital health expenditure (% of GDP),SH.XPD.KHEX.GD.ZS,Ireland,IRL,..,..,..,..,..,..,..,..,..,..
Capital health expenditure (% of GDP),SH.XPD.KHEX.GD.ZS,Isle of Man,IMN,..,..,..,..,..,..,..,..,..,..
Capital health expenditure (% of GDP),SH.XPD.KHEX.GD.ZS,Israel,ISR,..,..,..,..,..,..,..,..,..,..
Capital health expenditure (% of GDP),SH.XPD.KHEX.GD.ZS,Italy,ITA,..,..,..,..,..,..,..,..,..,..
Capital health expenditure (% of GDP),SH.XPD.KHEX.GD.ZS,Jamaica,JAM,0.14379075,0.14946353,0.21943246,0.20040505,0.10491358,0.14401248,0.16481854,0.0726086,..,..
Capital health expenditure (% of GDP),SH.XPD.KHEX.GD.ZS,Japan,JPN,..,..,..,..,..,..,..,..,..,..
Capital health expenditure (% of GDP),SH.XPD.KHEX.GD.ZS,Jordan,JOR,0.42483416,0.7483803,0.58189029,0.7437501,0.32933667,0.3196235,..,..,..,..
Capital health expenditure (% of GDP),SH.XPD.KHEX.GD.ZS,Kazakhstan,KAZ,..,..,..,..,..,..,..,..,..,..
Capital health expenditure (% of GDP),SH.XPD.KHEX.GD.ZS,Kenya,KEN,..,..,0.26410899,0.56966931,0.52812511,0.49263424,..,..,..,..
Capital health expenditure (% of GDP),SH.XPD.KHEX.GD.ZS,Kiribati,KIR,1.66,1.94,0.1,0.29,0.42,0.04,5.74,0.75,..,..
Capital health expenditure (% of GDP),SH.XPD.KHEX.GD.ZS,"Korea, Dem. People's Rep.",PRK,..,..,..,..,..,..,..,..,..,..
Capital health expenditure (% of GDP),SH.XPD.KHEX.GD.ZS,"Korea, Rep.",KOR,..,..,..,..,..,..,..,..,..,..
Capital health expenditure (% of GDP),SH.XPD.KHEX.GD.ZS,Kosovo,XKX,..,..,..,..,..,..,..,..,..,..
Capital health expenditure (% of GDP),SH.XPD.KHEX.GD.ZS,Kuwait,KWT,0.41412985,0.59049112,0.34536004,0.56796497,0.60614449,0.43961766,0.53813636,0.32130682,..,..
Capital health expenditure (% of GDP),SH.XPD.KHEX.GD.ZS,Kyrgyz Republic,KGZ,0.02,0.19,0.17,0.2,0.28,0.34,..,..,..,..
Capital health expenditure (% of GDP),SH.XPD.KHEX.GD.ZS,Lao PDR,LAO,0.14001577,0.17523447,0.07238214,0.19914828,0.40121612,0.11966728,0.15016297,0.11729116,..,..
Capital health expenditure (% of GDP),SH.XPD.KHEX.GD.ZS,Late-demographic dividend,LTE,..,..,..,..,..,..,..,..,..,..
Capital health expenditure (% of GDP),SH.XPD.KHEX.GD.ZS,Latin America & Caribbean,LCN,..,..,..,..,..,..,..,..,..,..
Capital health expenditure (% of GDP),SH.XPD.KHEX.GD.ZS,Latin America & Caribbean (excluding high income),LAC,..,..,..,..,..,..,..,..,..,..
Capital health expenditure (% of GDP),SH.XPD.KHEX.GD.ZS,Latin America & the Caribbean (IDA & IBRD countries),TLA,..,..,..,..,..,..,..,..,..,..
Capital health expenditure (% of GDP),SH.XPD.KHEX.GD.ZS,Latvia,LVA,..,..,..,..,..,..,..,..,..,..
Capital health expenditure (% of GDP),SH.XPD.KHEX.GD.ZS,Least developed countries: UN classification,LDC,..,..,..,..,..,..,..,..,..,..
Capital health expenditure (% of GDP),SH.XPD.KHEX.GD.ZS,Lebanon,LBN,0.01399233,..,..,..,..,..,..,..,..,..
Capital health expenditure (% of GDP),SH.XPD.KHEX.GD.ZS,Lesotho,LSO,0.48729742,0.77085257,..,..,..,..,..,..,..,..
Capital health expenditure (% of GDP),SH.XPD.KHEX.GD.ZS,Liberia,LBR,..,..,0.24629483,0.00752766,..,0.26888984,0.29645929,..,..,..
Capital health expenditure (% of GDP),SH.XPD.KHEX.GD.ZS,Libya,LBY,..,..,..,..,..,..,..,..,..,..
Capital health expenditure (% of GDP),SH.XPD.KHEX.GD.ZS,Liechtenstein,LIE,..,..,..,..,..,..,..,..,..,..
Capital health expenditure (% of GDP),SH.XPD.KHEX.GD.ZS,Lithuania,LTU,..,..,..,..,..,..,..,..,..,..
Capital health expenditure (% of GDP),SH.XPD.KHEX.GD.ZS,Low & middle income,LMY,..,..,..,..,..,..,..,..,..,..
Capital health expenditure (% of GDP),SH.XPD.KHEX.GD.ZS,Low income,LIC,..,..,..,..,..,..,..,..,..,..
Capital health expenditure (% of GDP),SH.XPD.KHEX.GD.ZS,Lower middle income,LMC,..,..,..,..,..,..,..,..,..,..
Capital health expenditure (% of GDP),SH.XPD.KHEX.GD.ZS,Luxembourg,LUX,..,..,..,..,..,..,..,..,..,..
Capital health expenditure (% of GDP),SH.XPD.KHEX.GD.ZS,"Macao SAR, China",MAC,..,..,..,..,..,..,..,..,..,..
Capital health expenditure (% of GDP),SH.XPD.KHEX.GD.ZS,Madagascar,MDG,..,..,..,..,..,0.15605848,0.68940175,0.4024353,..,..
Capital health expenditure (% of GDP),SH.XPD.KHEX.GD.ZS,Malawi,MWI,0.10694745,0.20997712,0.24211894,0.36429116,0.4188616,..,..,..,..,..
Capital health expenditure (% of GDP),SH.XPD.KHEX.GD.ZS,Malaysia,MYS,0.16320792,0.15642583,0.15121871,0.1416183,0.15591599,0.17476609,..,..,..,..
Capital health expenditure (% of GDP),SH.XPD.KHEX.GD.ZS,Maldives,MDV,0.14,0.46,1.35,1.99,1.47,1.33,1.91,..,..,..
Capital health expenditure (% of GDP),SH.XPD.KHEX.GD.ZS,Mali,MLI,0.31472766,0.24554078,0.30369651,0.18864344,0.04446506,0.17509273,0.10738733,..,..,..
Capital health expenditure (% of GDP),SH.XPD.KHEX.GD.ZS,Malta,MLT,..,..,..,..,..,..,..,..,..,..
Capital health expenditure (% of GDP),SH.XPD.KHEX.GD.ZS,Marshall Islands,MHL,0.06738132,0.17733099,0.07760746,0.24351934,0.24774864,0.10614072,0.16431968,0.42801556,..,..
Capital health expenditure (% of GDP),SH.XPD.KHEX.GD.ZS,Mauritania,MRT,0.62395149,0.51878202,2.44008923,0.32609656,..,..,..,..,..,..
Capital health expenditure (% of GDP),SH.XPD.KHEX.GD.ZS,Mauritius,MUS,0.19472088,..,0.10919174,..,..,..,..,..,..,..
Capital health expenditure (% of GDP),SH.XPD.KHEX.GD.ZS,Mexico,MEX,0.09332759,0.07663223,0.08285465,0.07024644,0.0847646,0.06373075,0.13258837,0.07945221,..,..
Capital health expenditure (% of GDP),SH.XPD.KHEX.GD.ZS,"Micronesia, Fed. Sts.",FSM,0.04050408,0.06816487,0.01773524,0.01362398,0.01492537,0.03116423,0.01456311,0.02955665,..,..
Capital health expenditure (% of GDP),SH.XPD.KHEX.GD.ZS,Middle East & North Africa,MEA,..,..,..,..,..,..,..,..,..,..
Capital health expenditure (% of GDP),SH.XPD.KHEX.GD.ZS,Middle East & North Africa (excluding high income),MNA,..,..,..,..,..,..,..,..,..,..
Capital health expenditure (% of GDP),SH.XPD.KHEX.GD.ZS,Middle East & North Africa (IDA & IBRD countries),TMN,..,..,..,..,..,..,..,..,..,..
Capital health expenditure (% of GDP),SH.XPD.KHEX.GD.ZS,Middle income,MIC,..,..,..,..,..,..,..,..,..,..
Capital health expenditure (% of GDP),SH.XPD.KHEX.GD.ZS,Moldova,MDA,0.93,0.41,0.65,0.55,0.46,..,..,0.26,..,..
Capital health expenditure (% of GDP),SH.XPD.KHEX.GD.ZS,Monaco,MCO,0.11602182,0.11153983,..,..,..,..,..,..,..,..
Capital health expenditure (% of GDP),SH.XPD.KHEX.GD.ZS,Mongolia,MNG,0.46540916,0.26945105,0.47678727,0.30749276,0.28804815,0.22168311,0.28878221,0.4045867,..,..
Capital health expenditure (% of GDP),SH.XPD.KHEX.GD.ZS,Montenegro,MNE,0.03,0.04,0.05,0.07,0.08,0.09,0.18,0.1,..,..
Capital health expenditure (% of GDP),SH.XPD.KHEX.GD.ZS,Morocco,MAR,0.14458977,0.14608777,..,..,0.15236016,..,..,..,..,..
Capital health expenditure (% of GDP),SH.XPD.KHEX.GD.ZS,Mozambique,MOZ,..,0.51809144,..,..,..,0.63825524,0.80074435,0.55011779,..,..
Capital health expenditure (% of GDP),SH.XPD.KHEX.GD.ZS,Myanmar,MMR,0.54,0.5,0.42,0.4,0.29,0.06,0.07,0.04,..,..
Capital health expenditure (% of GDP),SH.XPD.KHEX.GD.ZS,Namibia,NAM,0.50689268,0.42183191,0.39929098,0.28825417,..,..,..,..,..,..
Capital health expenditure (% of GDP),SH.XPD.KHEX.GD.ZS,Nauru,NRU,0.06962963,0.10901961,7.47202396,1.33229661,..,0.56691724,0.69503713,1.26651227,..,..
Capital health expenditure (% of GDP),SH.XPD.KHEX.GD.ZS,Nepal,NPL,0.27,0.27,0.37,0.47,0.36,0.32,0.54,0.72,..,..
Capital health expenditure (% of GDP),SH.XPD.KHEX.GD.ZS,Netherlands,NLD,..,..,..,..,..,..,..,..,..,..
Capital health expenditure (% of GDP),SH.XPD.KHEX.GD.ZS,New Caledonia,NCL,..,..,..,..,..,..,..,..,..,..
Capital health expenditure (% of GDP),SH.XPD.KHEX.GD.ZS,New Zealand,NZL,..,..,..,..,..,..,..,..,..,..
Capital health expenditure (% of GDP),SH.XPD.KHEX.GD.ZS,Nicaragua,NIC,0.44634464,0.48094216,0.3801176,0.32674524,0.28815392,0.28901175,0.6183973,1.08333731,..,..
Capital health expenditure (% of GDP),SH.XPD.KHEX.GD.ZS,Niger,NER,0.72488028,0.39964694,0.28526735,0.24184471,0.34414083,0.53082389,0.26643434,0.25801757,..,..
Capital health expenditure (% of GDP),SH.XPD.KHEX.GD.ZS,Nigeria,NGA,0.1349608,0.03564165,0.18983622,0.13156208,0.26808563,0.13456421,0.17311247,0.17309357,..,..
Capital health expenditure (% of GDP),SH.XPD.KHEX.GD.ZS,North America,NAC,..,..,..,..,..,..,..,..,..,..
Capital health expenditure (% of GDP),SH.XPD.KHEX.GD.ZS,North Macedonia,MKD,0.37,0.28,0.26,0.21,0.07,0.14,0.1,0.13,..,..
Capital health expenditure (% of GDP),SH.XPD.KHEX.GD.ZS,Northern Mariana Islands,MNP,..,..,..,..,..,..,..,..,..,..
Capital health expenditure (% of GDP),SH.XPD.KHEX.GD.ZS,Norway,NOR,..,..,..,..,..,..,..,..,..,..
Capital health expenditure (% of GDP),SH.XPD.KHEX.GD.ZS,Not classified,INX,..,..,..,..,..,..,..,..,..,..
Capital health expenditure (% of GDP),SH.XPD.KHEX.GD.ZS,OECD members,OED,..,..,..,..,..,..,..,..,..,..
Capital health expenditure (% of GDP),SH.XPD.KHEX.GD.ZS,Oman,OMN,0.11699352,0.36809412,0.14124,0.07832352,0.08336175,0.0701143,0.07780747,0.06635211,..,..
Capital health expenditure (% of GDP),SH.XPD.KHEX.GD.ZS,Other small states,OSS,..,..,..,..,..,..,..,..,..,..
Capital health expenditure (% of GDP),SH.XPD.KHEX.GD.ZS,Pacific island small states,PSS,..,..,..,..,..,..,..,..,..,..
Capital health expenditure (% of GDP),SH.XPD.KHEX.GD.ZS,Pakistan,PAK,0.21884112,..,0.23640911,..,0.24972819,..,0.13185835,..,..,..
Capital health expenditure (% of GDP),SH.XPD.KHEX.GD.ZS,Palau,PLW,0.10014228,0.10405282,0.13198549,0.19517241,0.08333334,0.70818508,..,..,..,..
Capital health expenditure (% of GDP),SH.XPD.KHEX.GD.ZS,Panama,PAN,1.34903014,1.34786952,0.62660635,0.7458238,0.81678742,0.81463385,0.94090825,0.91178316,..,..
Capital health expenditure (% of GDP),SH.XPD.KHEX.GD.ZS,Papua New Guinea,PNG,1.15218592,0.52432644,0.35703182,0.11018947,0.43369707,0.254269,0.29438284,0.31199878,..,..
Capital health expenditure (% of GDP),SH.XPD.KHEX.GD.ZS,Paraguay,PRY,0.14515138,0.17309237,0.25076917,0.20337161,0.1783295,0.18389979,0.23209788,0.23509012,..,..
Capital health expenditure (% of GDP),SH.XPD.KHEX.GD.ZS,Peru,PER,0.40726319,0.44368869,0.35666841,0.32858133,0.329469,0.33920825,0.40549695,0.4003751,..,..
Capital health expenditure (% of GDP),SH.XPD.KHEX.GD.ZS,Philippines,PHL,0.32,0.46,0.49,0.51,0.69,0.43,0.49,0.41,0.36,..
Capital health expenditure (% of GDP),SH.XPD.KHEX.GD.ZS,Poland,POL,..,..,..,..,..,..,..,..,..,..
Capital health expenditure (% of GDP),SH.XPD.KHEX.GD.ZS,Portugal,PRT,..,..,..,..,..,..,..,..,..,..
Capital health expenditure (% of GDP),SH.XPD.KHEX.GD.ZS,Post-demographic dividend,PST,..,..,..,..,..,..,..,..,..,..
Capital health expenditure (% of GDP),SH.XPD.KHEX.GD.ZS,Pre-demographic dividend,PRE,..,..,..,..,..,..,..,..,..,..
Capital health expenditure (% of GDP),SH.XPD.KHEX.GD.ZS,Puerto Rico,PRI,..,..,..,..,..,..,..,..,..,..
Capital health expenditure (% of GDP),SH.XPD.KHEX.GD.ZS,Qatar,QAT,0.35085219,..,..,..,..,..,..,..,..,..
Capital health expenditure (% of GDP),SH.XPD.KHEX.GD.ZS,Romania,ROU,..,..,..,..,..,..,..,..,..,..
Capital health expenditure (% of GDP),SH.XPD.KHEX.GD.ZS,Russian Federation,RUS,..,..,..,..,..,..,..,..,..,..
Capital health expenditure (% of GDP),SH.XPD.KHEX.GD.ZS,Rwanda,RWA,..,..,..,..,..,..,..,..,..,..
Capital health expenditure (% of GDP),SH.XPD.KHEX.GD.ZS,Samoa,WSM,0.63012713,0,0.01259071,0,0.00163118,0.01471085,0.16036208,..,..,..
Capital health expenditure (% of GDP),SH.XPD.KHEX.GD.ZS,San Marino,SMR,0.24684179,0.20893878,0.15153137,0.13474786,0.16106416,0.16950804,0.21914436,0.1011392,..,..
Capital health expenditure (% of GDP),SH.XPD.KHEX.GD.ZS,Sao Tome and Principe,STP,0.64783394,0.21566433,0.44595546,0.61551064,0.08425479,0.01219259,0.18167865,0.20640251,..,..
Capital health expenditure (% of GDP),SH.XPD.KHEX.GD.ZS,Saudi Arabia,SAU,..,..,..,..,..,..,..,..,..,..
Capital health expenditure (% of GDP),SH.XPD.KHEX.GD.ZS,Senegal,SEN,0.40676779,0.27992612,0.29648888,0.32684988,0.1870963,0.55649453,0.76526505,..,..,..
Capital health expenditure (% of GDP),SH.XPD.KHEX.GD.ZS,Serbia,SRB,0.36844754,0.31499892,0.28599736,0.31177941,0.28461522,..,..,..,..,..
Capital health expenditure (% of GDP),SH.XPD.KHEX.GD.ZS,Seychelles,SYC,0.41297412,0.1166985,0.20196639,2.64861917,..,..,..,..,..,..
Capital health expenditure (% of GDP),SH.XPD.KHEX.GD.ZS,Sierra Leone,SLE,0.24442376,..,..,0.2312635,0.67916507,0.18125071,1.15168178,0.44019198,..,..
Capital health expenditure (% of GDP),SH.XPD.KHEX.GD.ZS,Singapore,SGP,0.28745919,0.33371723,0.36718836,0.30914277,0.29314679,0.27309567,0.19742413,0.18792899,..,..
Capital health expenditure (% of GDP),SH.XPD.KHEX.GD.ZS,Sint Maarten (Dutch part),SXM,..,..,..,..,..,..,..,..,..,..
Capital health expenditure (% of GDP),SH.XPD.KHEX.GD.ZS,Slovak Republic,SVK,..,..,..,..,..,..,..,..,..,..
Capital health expenditure (% of GDP),SH.XPD.KHEX.GD.ZS,Slovenia,SVN,..,..,..,..,..,..,..,..,..,..
Capital health expenditure (% of GDP),SH.XPD.KHEX.GD.ZS,Small states,SST,..,..,..,..,..,..,..,..,..,..
Capital health expenditure (% of GDP),SH.XPD.KHEX.GD.ZS,Solomon Islands,SLB,0.19510692,0.20286699,0.15885641,0.12672164,0.15568621,0.32519066,0.13460189,0.20851064,..,..
Capital health expenditure (% of GDP),SH.XPD.KHEX.GD.ZS,Somalia,SOM,..,..,..,..,..,..,..,..,..,..
Capital health expenditure (% of GDP),SH.XPD.KHEX.GD.ZS,South Africa,ZAF,0.18391097,0.22423856,0.19796313,..,..,..,..,..,..,..
Capital health expenditure (% of GDP),SH.XPD.KHEX.GD.ZS,South Asia,SAS,..,..,..,..,..,..,..,..,..,..
Capital health expenditure (% of GDP),SH.XPD.KHEX.GD.ZS,South Asia (IDA & IBRD),TSA,..,..,..,..,..,..,..,..,..,..
Capital health expenditure (% of GDP),SH.XPD.KHEX.GD.ZS,South Sudan,SSD,..,..,..,0.86064523,..,..,..,..,..,..
Capital health expenditure (% of GDP),SH.XPD.KHEX.GD.ZS,Spain,ESP,..,..,..,..,..,..,..,..,..,..
Capital health expenditure (% of GDP),SH.XPD.KHEX.GD.ZS,Sri Lanka,LKA,0.28,0.33,0.36,0.31,0.26,..,..,..,..,..
Capital health expenditure (% of GDP),SH.XPD.KHEX.GD.ZS,St. Kitts and Nevis,KNA,0.09260567,0.46155742,0.20737199,0.21138583,0.21173809,0.32593,0.53458178,0.7847991,..,..
Capital health expenditure (% of GDP),SH.XPD.KHEX.GD.ZS,St. Lucia,LCA,0.09225401,0.17669471,0.32318875,0.23453592,0.10066132,0.15549995,0.22539955,0.32234341,..,..
Capital health expenditure (% of GDP),SH.XPD.KHEX.GD.ZS,St. Martin (French part),MAF,..,..,..,..,..,..,..,..,..,..
Capital health expenditure (% of GDP),SH.XPD.KHEX.GD.ZS,St. Vincent and the Grenadines,VCT,0.41236904,0.63369018,0.51869148,0.23358604,0.07917976,0.28034547,0.3233861,0.06860501,..,..
Capital health expenditure (% of GDP),SH.XPD.KHEX.GD.ZS,Sub-Saharan Africa,SSF,..,..,..,..,..,..,..,..,..,..
Capital health expenditure (% of GDP),SH.XPD.KHEX.GD.ZS,Sub-Saharan Africa (excluding high income),SSA,..,..,..,..,..,..,..,..,..,..
Capital health expenditure (% of GDP),SH.XPD.KHEX.GD.ZS,Sub-Saharan Africa (IDA & IBRD countries),TSS,..,..,..,..,..,..,..,..,..,..
Capital health expenditure (% of GDP),SH.XPD.KHEX.GD.ZS,Sudan,SDN,..,0.31555614,..,..,0.17232621,..,..,..,..,..
Capital health expenditure (% of GDP),SH.XPD.KHEX.GD.ZS,Suriname,SUR,..,..,0.05613899,..,..,..,..,..,..,..
Capital health expenditure (% of GDP),SH.XPD.KHEX.GD.ZS,Sweden,SWE,..,..,..,..,..,..,..,..,..,..
Capital health expenditure (% of GDP),SH.XPD.KHEX.GD.ZS,Switzerland,CHE,..,..,..,..,..,..,..,..,..,..
Capital health expenditure (% of GDP),SH.XPD.KHEX.GD.ZS,Syrian Arab Republic,SYR,..,..,..,..,..,..,..,..,..,..
Capital health expenditure (% of GDP),SH.XPD.KHEX.GD.ZS,Tajikistan,TJK,0.3,0.26,0.09,0.13,0.22,0.08,0.7,..,..,..
Capital health expenditure (% of GDP),SH.XPD.KHEX.GD.ZS,Tanzania,TZA,0.16968854,0.03943888,0.06361382,..,..,..,..,..,..,..
Capital health expenditure (% of GDP),SH.XPD.KHEX.GD.ZS,Thailand,THA,0.23681293,0.22154549,0.31647786,0.22807913,0.23306409,..,..,..,..,..
Capital health expenditure (% of GDP),SH.XPD.KHEX.GD.ZS,Timor-Leste,TLS,0.44367656,0.65746552,0.70321018,0.49561402,..,..,..,..,..,..
Capital health expenditure (% of GDP),SH.XPD.KHEX.GD.ZS,Togo,TGO,0.08221134,0.08831548,0.06844783,0.38820601,0.46553299,0.37068945,1.11057997,1.03764033,..,..
Capital health expenditure (% of GDP),SH.XPD.KHEX.GD.ZS,Tonga,TON,0,0,0.1297207,0.17938122,0.17383039,0.16289976,0.15989386,0.22885509,..,..
Capital health expenditure (% of GDP),SH.XPD.KHEX.GD.ZS,Trinidad and Tobago,TTO,0.21307501,0.51496959,0.27841872,0.15474567,0.18767504,0.22194795,0.31311664,0.21755391,..,..
Capital health expenditure (% of GDP),SH.XPD.KHEX.GD.ZS,Tunisia,TUN,0.24675989,0.1535123,..,..,..,..,..,..,..,..
Capital health expenditure (% of GDP),SH.XPD.KHEX.GD.ZS,Turkiye,TUR,..,..,..,..,..,..,..,..,..,..
Capital health expenditure (% of GDP),SH.XPD.KHEX.GD.ZS,Turkmenistan,TKM,..,..,..,..,..,..,..,..,..,..
Capital health expenditure (% of GDP),SH.XPD.KHEX.GD.ZS,Turks and Caicos Islands,TCA,..,..,..,..,..,..,..,..,..,..
Capital health expenditure (% of GDP),SH.XPD.KHEX.GD.ZS,Tuvalu,TUV,2.95690703,..,0.18382321,0.14743002,0,0,8.15960026,0.092875,..,..
Capital health expenditure (% of GDP),SH.XPD.KHEX.GD.ZS,Uganda,UGA,0.11568817,0.13328831,0.12898347,0.12382711,0.10588693,0.15759133,..,..,..,..
Capital health expenditure (% of GDP),SH.XPD.KHEX.GD.ZS,Ukraine,UKR,0.13,0.35,0.27,0.31,0.28,0.27,1.24,..,..,..
Capital health expenditure (% of GDP),SH.XPD.KHEX.GD.ZS,United Arab Emirates,ARE,..,..,..,..,..,..,0.03513108,0.02136342,..,..
Capital health expenditure (% of GDP),SH.XPD.KHEX.GD.ZS,United Kingdom,GBR,..,..,..,..,..,..,..,..,..,..
Capital health expenditure (% of GDP),SH.XPD.KHEX.GD.ZS,United States,USA,0.64682055,0.64115965,0.63442624,0.66585016,0.66294718,0.64316523,0.63545704,0.62429416,0.60760725,..
Capital health expenditure (% of GDP),SH.XPD.KHEX.GD.ZS,Upper middle income,UMC,..,..,..,..,..,..,..,..,..,..
Capital health expenditure (% of GDP),SH.XPD.KHEX.GD.ZS,Uruguay,URY,0.21514904,0.21997558,0.16881119,0.22498514,0.20157413,0.20949771,0.15481637,0.15845063,..,..
Capital health expenditure (% of GDP),SH.XPD.KHEX.GD.ZS,Uzbekistan,UZB,0,0,0.27,0.28,0.4,0.08,0.1,0.11,..,..
Capital health expenditure (% of GDP),SH.XPD.KHEX.GD.ZS,Vanuatu,VUT,0.01613979,..,0.0295886,0.04092248,0.04149554,0.14298169,0.28670418,0.05641855,..,..
Capital health expenditure (% of GDP),SH.XPD.KHEX.GD.ZS,"Venezuela, RB",VEN,..,..,..,..,..,..,..,..,..,..
Capital health expenditure (% of GDP),SH.XPD.KHEX.GD.ZS,Viet Nam,VNM,0.38257921,0.38223347,0.22285002,0.31951338,0.26139918,..,0.30409127,0.21260828,..,..
Capital health expenditure (% of GDP),SH.XPD.KHEX.GD.ZS,Virgin Islands (U.S.),VIR,..,..,..,..,..,..,..,..,..,..
Capital health expenditure (% of GDP),SH.XPD.KHEX.GD.ZS,West Bank and Gaza,PSE,..,..,..,..,..,..,..,..,..,..
Capital health expenditure (% of GDP),SH.XPD.KHEX.GD.ZS,World,WLD,..,..,..,..,..,..,..,..,..,..
Capital health expenditure (% of GDP),SH.XPD.KHEX.GD.ZS,"Yemen, Rep.",YEM,..,..,..,..,..,..,..,..,..,..
Capital health expenditure (% of GDP),SH.XPD.KHEX.GD.ZS,Zambia,ZMB,0.30275437,0.16697727,0.24123392,0.27683023,0.42758244,0.39371073,0.78727239,0.31493452,..,..
Capital health expenditure (% of GDP),SH.XPD.KHEX.GD.ZS,Zimbabwe,ZWE,..,0.00980786,..,0.07580079,0.1727162,0.10994909,0.10240491,..,..,..
"Death rate, crude (per 1,000 people)",SP.DYN.CDRT.IN,Afghanistan,AFG,7.395,7.331,7.077,7.027,6.981,6.791,7.113,7.344,6.906,..
"Death rate, crude (per 1,000 people)",SP.DYN.CDRT.IN,Africa Eastern and Southern,AFE,8.47589915037443,8.23961884085647,7.97369554309813,7.77341304202724,7.58811041050679,7.43464404886078,7.62054776213486,8.03689904019719,7.8409513727739,..
"Death rate, crude (per 1,000 people)",SP.DYN.CDRT.IN,Africa Western and Central,AFW,11.54479793313,11.3524757061357,11.1136353993849,10.9090124903075,10.7118398833043,10.4887479307689,10.6012972524141,10.6789520483923,10.2641883918587,..
"Death rate, crude (per 1,000 people)",SP.DYN.CDRT.IN,Albania,ALB,7.868,7.947,8.035,8.15,8.308,8.48,10.785,11.325,11.194,..
"Death rate, crude (per 1,000 people)",SP.DYN.CDRT.IN,Algeria,DZA,4.555,4.437,4.472,4.542,4.482,4.392,5.398,4.546,4.329,..
"Death rate, crude (per 1,000 people)",SP.DYN.CDRT.IN,American Samoa,ASM,4.2,..,..,5.1,..,..,5.6,..,7.8,..
"Death rate, crude (per 1,000 people)",SP.DYN.CDRT.IN,Andorra,AND,..,..,4.3,..,4.4,3.9,..,..,4.6,..
"Death rate, crude (per 1,000 people)",SP.DYN.CDRT.IN,Angola,AGO,9.181,8.826,8.555,8.242,7.99,7.811,7.821,8.009,7.863,..
"Death rate, crude (per 1,000 people)",SP.DYN.CDRT.IN,Antigua and Barbuda,ATG,5.544,5.649,5.662,5.746,5.787,5.865,5.961,6.365,6.094,..
"Death rate, crude (per 1,000 people)",SP.DYN.CDRT.IN,Arab World,ARB,5.51941454072581,5.45167048490701,5.40864973985369,5.25335170114034,5.22699181399284,5.19886642116107,5.61610840015073,5.75036744684021,5.6257614199651,..
"Death rate, crude (per 1,000 people)",SP.DYN.CDRT.IN,Argentina,ARG,7.447,7.543,7.947,7.692,7.68,7.6,8.509,8.955,8.589,..
"Death rate, crude (per 1,000 people)",SP.DYN.CDRT.IN,Armenia,ARM,9.704,9.607,9.634,9.664,9.75,9.662,12.792,13.007,11.881,..
"Death rate, crude (per 1,000 people)",SP.DYN.CDRT.IN,Aruba,ABW,7.729,7.968,8.336,8.414,8.597,8.778,9.69,11.235,11.084,..
"Death rate, crude (per 1,000 people)",SP.DYN.CDRT.IN,Australia,AUS,6.6,6.6,6.6,6.5,6.3,6.7,6.3,6.7,7.3,..
"Death rate, crude (per 1,000 people)",SP.DYN.CDRT.IN,Austria,AUT,9.2,9.6,9.2,9.5,9.5,9.4,10.3,10.3,10.3,..
"Death rate, crude (per 1,000 people)",SP.DYN.CDRT.IN,Azerbaijan,AZE,5.8,5.7,5.8,5.8,5.8,5.6,7.5,7.6,6,..
"Death rate, crude (per 1,000 people)",SP.DYN.CDRT.IN,"Bahamas, The",BHS,6.483,6.724,6.717,6.84,6.935,7.943,8.076,8.986,7.298,..
"Death rate, crude (per 1,000 people)",SP.DYN.CDRT.IN,Bahrain,BHR,2.028,2.109,2.071,2.039,1.992,2,2.239,2.479,2.476,..
"Death rate, crude (per 1,000 people)",SP.DYN.CDRT.IN,Bangladesh,BGD,5.891,5.776,5.632,5.442,5.241,5.28,5.816,5.68,5.296,..
"Death rate, crude (per 1,000 people)",SP.DYN.CDRT.IN,Barbados,BRB,8.797,8.772,8.792,8.85,8.927,8.91,8.973,9.007,9.114,..
"Death rate, crude (per 1,000 people)",SP.DYN.CDRT.IN,Belarus,BLR,12.8,12.6,12.6,12.6,12.7,12.8,16.553,16.544,15.49,..
"Death rate, crude (per 1,000 people)",SP.DYN.CDRT.IN,Belgium,BEL,9.3,9.8,9.5,9.6,9.7,9.5,11,9.7,10,..
"Death rate, crude (per 1,000 people)",SP.DYN.CDRT.IN,Belize,BLZ,4.584,4.7,4.695,4.712,4.74,4.727,5.244,6.353,6.253,..
"Death rate, crude (per 1,000 people)",SP.DYN.CDRT.IN,Benin,BEN,9.996,9.857,9.761,9.592,9.428,9.248,9.364,9.434,9.323,..
"Death rate, crude (per 1,000 people)",SP.DYN.CDRT.IN,Bermuda,BMU,7.8,7.7,7.7,7.5,8.3,8.4,8.8,11.3,9.1,..
"Death rate, crude (per 1,000 people)",SP.DYN.CDRT.IN,Bhutan,BTN,6.705,6.759,6.837,6.94,6.766,6.626,6.545,6.477,6.356,..
"Death rate, crude (per 1,000 people)",SP.DYN.CDRT.IN,Bolivia,BOL,7.262,7.216,7.104,7.107,7.124,7.127,9.3,9.945,9.062,..
"Death rate, crude (per 1,000 people)",SP.DYN.CDRT.IN,Bosnia and Herzegovina,BIH,12.276,12.011,11.613,11.842,12.056,12.266,14.094,15.712,15.865,..
"Death rate, crude (per 1,000 people)",SP.DYN.CDRT.IN,Botswana,BWA,7.927,7.435,6.783,6.308,6.922,6.974,6.95,9.461,6.897,..
"Death rate, crude (per 1,000 people)",SP.DYN.CDRT.IN,Brazil,BRA,6.272,6.433,6.538,6.493,6.516,6.572,7.42,8.326,8.139,..
"Death rate, crude (per 1,000 people)",SP.DYN.CDRT.IN,British Virgin Islands,VGB,5.553,5.62,5.718,6.143,5.988,6.156,6.38,7.613,6.515,..
"Death rate, crude (per 1,000 people)",SP.DYN.CDRT.IN,Brunei Darussalam,BRN,4.162,4.29,4.42,4.556,4.7,4.834,4.975,5.211,5.431,..
"Death rate, crude (per 1,000 people)",SP.DYN.CDRT.IN,Bulgaria,BGR,15.1,15.3,15.1,15.5,15.4,15.5,18,21.7,18.4,..
"Death rate, crude (per 1,000 people)",SP.DYN.CDRT.IN,Burkina Faso,BFA,9.96,9.634,9.313,9.113,8.809,8.75,8.813,8.958,8.662,..
"Death rate, crude (per 1,000 people)",SP.DYN.CDRT.IN,Burundi,BDI,8.798,8.553,8.18,7.772,7.648,7.352,7.562,7.474,7.311,..
"Death rate, crude (per 1,000 people)",SP.DYN.CDRT.IN,Cabo Verde,CPV,5.401,5.695,5.198,4.868,5.275,5.162,5.692,6.028,5.659,..
"Death rate, crude (per 1,000 people)",SP.DYN.CDRT.IN,Cambodia,KHM,5.756,5.81,5.779,5.775,5.874,5.947,6.228,6.838,6.785,..
"Death rate, crude (per 1,000 people)",SP.DYN.CDRT.IN,Cameroon,CMR,9.548,9.179,8.886,8.594,8.379,8.16,8.419,8.582,8.225,..
"Death rate, crude (per 1,000 people)",SP.DYN.CDRT.IN,Canada,CAN,7.3,7.4,7.4,7.6,7.7,7.6,8.1,8.2,8.6,..
"Death rate, crude (per 1,000 people)",SP.DYN.CDRT.IN,Caribbean small states,CSS,7.27363663674877,7.2024225371888,7.17173593960004,7.17481914348063,7.16671380651946,7.38657567045283,7.65683942714294,8.97640352991303,8.67606009996006,..
"Death rate, crude (per 1,000 people)",SP.DYN.CDRT.IN,Cayman Islands,CYM,2.9,2.9,3.1,3.4,3.3,3.7,3.3,4,4.5,..
"Death rate, crude (per 1,000 people)",SP.DYN.CDRT.IN,Central African Republic,CAF,13.517,12.15,11.711,11.544,11.23,10.873,11.041,11.393,11.003,..
"Death rate, crude (per 1,000 people)",SP.DYN.CDRT.IN,Central Europe and the Baltics,CEB,11.375115818527,11.8380895973408,11.6171630592915,11.9764024346954,12.1174003213682,11.9818000612645,13.7020454985942,15.3958080823773,13.2668985782612,..
"Death rate, crude (per 1,000 people)",SP.DYN.CDRT.IN,Chad,TCD,14.022,13.693,13.291,13.043,12.671,12.369,12.486,12.504,12.157,..
"Death rate, crude (per 1,000 people)",SP.DYN.CDRT.IN,Channel Islands,CHI,8.06652083126181,8.47771132622233,8.6122122391141,8.81275913204007,8.71701971194375,8.54731125671448,8.47393243061603,8.44900771934701,8.21466115958846,..
"Death rate, crude (per 1,000 people)",SP.DYN.CDRT.IN,Chile,CHL,6.12,6.121,6.107,6.139,6.327,6.346,7.221,7.426,7.199,..
"Death rate, crude (per 1,000 people)",SP.DYN.CDRT.IN,China,CHN,7.12,7.07,7.04,7.06,7.08,7.09,7.07,7.18,7.37,..
"Death rate, crude (per 1,000 people)",SP.DYN.CDRT.IN,Colombia,COL,5.106,5.168,5.213,5.249,5.311,5.411,6.606,7.735,7.409,..
"Death rate, crude (per 1,000 people)",SP.DYN.CDRT.IN,Comoros,COM,8.865,8.685,8.516,8.326,8.235,8.203,8.274,8.718,8.528,..
"Death rate, crude (per 1,000 people)",SP.DYN.CDRT.IN,"Congo, Dem. Rep.",COD,10.551,10.396,10.077,9.865,9.573,9.38,9.537,9.7,9.352,..
"Death rate, crude (per 1,000 people)",SP.DYN.CDRT.IN,"Congo, Rep.",COG,7.358,7.196,7.02,6.924,6.797,7.388,6.923,7.063,7.275,..
"Death rate, crude (per 1,000 people)",SP.DYN.CDRT.IN,Costa Rica,CRI,5.059,5.034,4.986,5.18,5.276,5.468,5.627,7.192,7.113,..
"Death rate, crude (per 1,000 people)",SP.DYN.CDRT.IN,Cote d'Ivoire,CIV,9.847,9.543,9.374,9.17,8.961,8.728,8.817,9.001,8.843,..
"Death rate, crude (per 1,000 people)",SP.DYN.CDRT.IN,Croatia,HRV,12,12.9,12.3,13,12.9,12.7,14.1,16.2,14.8,..
"Death rate, crude (per 1,000 people)",SP.DYN.CDRT.IN,Cuba,CUB,8.833,9.063,9.348,9.622,9.815,9.861,10.23,14.652,9.852,..
"Death rate, crude (per 1,000 people)",SP.DYN.CDRT.IN,Curacao,CUW,8.8,8.8,9.3,8.9,8.8,8.8,9.3,11.1,9.3,..
"Death rate, crude (per 1,000 people)",SP.DYN.CDRT.IN,Cyprus,CYP,6.317,6.358,6.462,6.453,6.612,6.769,6.93,7.257,6.971,..
"Death rate, crude (per 1,000 people)",SP.DYN.CDRT.IN,Czechia,CZE,10,10.5,10.2,10.5,10.6,10.5,12.1,13.3,11.3,..
"Death rate, crude (per 1,000 people)",SP.DYN.CDRT.IN,Denmark,DNK,9.1,9.2,9.2,9.2,9.5,9.3,9.4,9.8,10.1,..
"Death rate, crude (per 1,000 people)",SP.DYN.CDRT.IN,Djibouti,DJI,8.672,8.598,8.568,8.37,8.347,8.421,8.821,9.147,8.962,..
"Death rate, crude (per 1,000 people)",SP.DYN.CDRT.IN,Dominica,DMA,12.401,10.93,10.714,11.455,8.417,8.369,8.177,8.986,8.921,..
"Death rate, crude (per 1,000 people)",SP.DYN.CDRT.IN,Dominican Republic,DOM,5.827,5.883,5.964,6.032,6.06,6.006,6.46,6.678,6.068,..
"Death rate, crude (per 1,000 people)",SP.DYN.CDRT.IN,Early-demographic dividend,EAR,6.61478451221907,6.53840384767829,6.48981877216154,6.45232899167011,6.44709331446064,6.46372308721627,7.1556654039416,8.30228652754551,7.81507139267571,..
"Death rate, crude (per 1,000 people)",SP.DYN.CDRT.IN,East Asia & Pacific,EAS,7.16424382066621,7.15393923335925,7.16413966087131,7.20399293420287,7.2224307559024,7.25350039150343,7.38382261208313,7.81854380033055,7.83482414309312,..
"Death rate, crude (per 1,000 people)",SP.DYN.CDRT.IN,East Asia & Pacific (excluding high income),EAP,7.04890662069053,7.0234447676651,7.01764978868566,7.04399688889885,7.05088139447986,7.07072259809583,7.22469638363751,7.65464741301179,7.54943645621471,..
"Death rate, crude (per 1,000 people)",SP.DYN.CDRT.IN,East Asia & Pacific (IDA & IBRD countries),TEA,7.03474596747928,7.01016870998246,7.00137585423812,7.02592296877582,7.03018867008684,7.04837460110564,7.2017706354772,7.63412630200575,7.52710676278064,..
"Death rate, crude (per 1,000 people)",SP.DYN.CDRT.IN,Ecuador,ECU,4.752,4.773,4.86,4.872,4.911,4.913,7.534,6.719,4.85,..
"Death rate, crude (per 1,000 people)",SP.DYN.CDRT.IN,"Egypt, Arab Rep.",EGY,5.823,5.823,5.662,5.482,5.511,5.581,5.851,6.327,6.39,..
"Death rate, crude (per 1,000 people)",SP.DYN.CDRT.IN,El Salvador,SLV,7.168,7.07,6.925,6.857,6.938,7.451,8.442,8.661,8.173,..
"Death rate, crude (per 1,000 people)",SP.DYN.CDRT.IN,Equatorial Guinea,GNQ,9.965,9.616,9.345,9.096,8.85,8.582,9.026,9.042,8.708,..
"Death rate, crude (per 1,000 people)",SP.DYN.CDRT.IN,Eritrea,ERI,6.806,6.654,6.58,6.504,6.353,6.309,6.424,6.729,6.727,..
"Death rate, crude (per 1,000 people)",SP.DYN.CDRT.IN,Estonia,EST,11.8,11.6,11.7,11.8,11.9,11.6,11.9,14,12.8,..
"Death rate, crude (per 1,000 people)",SP.DYN.CDRT.IN,Eswatini,SWZ,12.193,11.202,10.45,9.936,9.324,8.923,9.603,11.356,11.883,..
"Death rate, crude (per 1,000 people)",SP.DYN.CDRT.IN,Ethiopia,ETH,7.502,7.208,6.93,6.767,6.569,6.439,6.616,6.776,6.497,..
"Death rate, crude (per 1,000 people)",SP.DYN.CDRT.IN,Euro area,EMU,9.50425430228133,10.0941628723796,9.86976534319589,10.1498366839012,10.1690611657358,10.0761307328153,11.1523986703271,11.1144280959498,11.1866780407191,..
"Death rate, crude (per 1,000 people)",SP.DYN.CDRT.IN,Europe & Central Asia,ECS,9.83943419426718,10.1218404610047,9.96594195510807,10.0033288438676,10.0277301796976,9.90552020115597,11.2835611552871,11.8606026887972,10.8441608055368,..
"Death rate, crude (per 1,000 people)",SP.DYN.CDRT.IN,Europe & Central Asia (excluding high income),ECA,8.23192429691528,8.23939965846536,8.17082267348673,8.0731522907295,8.03407312192368,7.96545095980969,9.26640719532929,9.85543962106031,9.06085410759424,..
"Death rate, crude (per 1,000 people)",SP.DYN.CDRT.IN,Europe & Central Asia (IDA & IBRD countries),TEC,10.2794821782817,10.3142312796382,10.2074424226135,10.0462631867693,10.0780221572564,9.95052175839525,11.6484613879801,12.8614228432272,10.9229871209143,..
"Death rate, crude (per 1,000 people)",SP.DYN.CDRT.IN,European Union,EUU,9.85047734064385,10.396667511123,10.1776989457887,10.4615365375869,10.5107373571832,10.4025854012258,11.6026000520246,11.8654673944772,11.5089328547422,..
"Death rate, crude (per 1,000 people)",SP.DYN.CDRT.IN,Faroe Islands,FRO,8.2,7.8,7.7,9,7.8,8,7,8.1,9.1,..
"Death rate, crude (per 1,000 people)",SP.DYN.CDRT.IN,Fiji,FJI,7.584,8.05,7.885,7.703,7.832,7.941,8.078,8.859,8.235,..
"Death rate, crude (per 1,000 people)",SP.DYN.CDRT.IN,Finland,FIN,9.6,9.6,9.8,9.8,9.9,9.8,10,10.4,11.4,..
"Death rate, crude (per 1,000 people)",SP.DYN.CDRT.IN,Fragile and conflict affected situations,FCS,9.87556496146069,9.71220972763266,9.5520001615218,9.35616395354347,9.19919600098847,9.047475207388,9.27042973980787,9.57773132117494,9.25640573300361,..
"Death rate, crude (per 1,000 people)",SP.DYN.CDRT.IN,France,FRA,8.4,8.9,8.9,9.1,9.1,9.1,9.9,9.8,9.8,..
"Death rate, crude (per 1,000 people)",SP.DYN.CDRT.IN,French Polynesia,PYF,2.952,3.037,3.126,3.219,3.31,3.391,3.859,5.376,3.64,..
"Death rate, crude (per 1,000 people)",SP.DYN.CDRT.IN,Gabon,GAB,7.659,7.418,7.238,7.054,6.986,6.856,6.909,7.258,7.307,..
"Death rate, crude (per 1,000 people)",SP.DYN.CDRT.IN,"Gambia, The",GMB,7.916,7.74,7.454,7.396,7.323,6.999,7.373,7.543,7.137,..
"Death rate, crude (per 1,000 people)",SP.DYN.CDRT.IN,Georgia,GEO,12.576,12.531,12.411,12.603,12.963,12.88,13.976,15.166,15.197,..
"Death rate, crude (per 1,000 people)",SP.DYN.CDRT.IN,Germany,DEU,10.7,11.3,11.1,11.3,11.5,11.3,11.9,12.3,12.7,..
"Death rate, crude (per 1,000 people)",SP.DYN.CDRT.IN,Ghana,GHA,7.817,7.773,7.46,7.39,7.373,7.143,7.448,7.627,7.585,..
"Death rate, crude (per 1,000 people)",SP.DYN.CDRT.IN,Gibraltar,GIB,7.395,8.606,8.032,8.182,8.191,8.283,8.685,11.546,8.511,..
"Death rate, crude (per 1,000 people)",SP.DYN.CDRT.IN,Greece,GRC,10.4,11.2,11,11.6,11.2,11.7,12.2,13.6,13.4,..
"Death rate, crude (per 1,000 people)",SP.DYN.CDRT.IN,Greenland,GRL,8.2,8.4,8.7,8.9,8.7,9.8,9.2,9.4,9.3,..
"Death rate, crude (per 1,000 people)",SP.DYN.CDRT.IN,Grenada,GRD,7.502,7.572,7.82,7.9,7.956,8.008,8.061,8.151,7.942,..
"Death rate, crude (per 1,000 people)",SP.DYN.CDRT.IN,Guam,GUM,5.71,5.958,6.046,6.127,6.21,6.304,7.178,7.337,6.55,..
"Death rate, crude (per 1,000 people)",SP.DYN.CDRT.IN,Guatemala,GTM,5.071,5.071,5.038,5.015,4.995,4.892,5.337,6.504,6.767,..
"Death rate, crude (per 1,000 people)",SP.DYN.CDRT.IN,Guinea,GIN,10.856,10.702,10.352,10.121,9.94,9.712,9.847,9.99,9.87,..
"Death rate, crude (per 1,000 people)",SP.DYN.CDRT.IN,Guinea-Bissau,GNB,9.549,9.223,8.898,8.642,8.401,8.206,8.574,8.716,8.597,..
"Death rate, crude (per 1,000 people)",SP.DYN.CDRT.IN,Guyana,GUY,7.459,7.431,7.475,7.472,7.499,7.444,8.026,9.987,9.762,..
"Death rate, crude (per 1,000 people)",SP.DYN.CDRT.IN,Haiti,HTI,8.243,8.181,8.161,8.014,7.998,7.953,8.176,8.676,8.48,..
"Death rate, crude (per 1,000 people)",SP.DYN.CDRT.IN,Heavily indebted poor countries (HIPC),HPC,8.55539488964869,8.31884042166319,8.05193443664731,7.86010637051552,7.67399800007669,7.50258755200557,7.71060152176083,7.87810405711913,7.60819734768365,..
"Death rate, crude (per 1,000 people)",SP.DYN.CDRT.IN,High income,HIC,8.96723475611991,9.22175820347377,9.16695738440453,9.27491417721987,9.32969755657038,9.28483406515842,10.3731236684749,10.7885035049881,10.2891137239872,..
"Death rate, crude (per 1,000 people)",SP.DYN.CDRT.IN,Honduras,HND,4.16,4.147,4.183,4.221,4.257,4.315,4.945,5.608,5.404,..
"Death rate, crude (per 1,000 people)",SP.DYN.CDRT.IN,"Hong Kong SAR, China",HKG,6.2,6.3,6.4,6.3,6.4,6.5,6.8,6.9,8.7,..
"Death rate, crude (per 1,000 people)",SP.DYN.CDRT.IN,Hungary,HUN,12.8,13.4,13,13.5,13.4,13.3,14.5,16.1,14.2,..
"Death rate, crude (per 1,000 people)",SP.DYN.CDRT.IN,IBRD only,IBD,..,..,..,..,..,..,..,..,..,..
"Death rate, crude (per 1,000 people)",SP.DYN.CDRT.IN,Iceland,ISL,6.3,6.6,6.9,6.5,6.4,6.3,6.3,6.3,7,..
"Death rate, crude (per 1,000 people)",SP.DYN.CDRT.IN,IDA & IBRD total,IBT,7.44169776471371,7.37785528052485,7.31593610918188,7.26481657486313,7.24992418511614,7.23386194248488,7.73960966947672,8.53084102451177,8.1246005964874,..
"Death rate, crude (per 1,000 people)",SP.DYN.CDRT.IN,IDA blend,IDB,..,..,..,..,..,..,..,..,..,..
"Death rate, crude (per 1,000 people)",SP.DYN.CDRT.IN,IDA only,IDX,..,..,..,..,..,..,..,..,..,..
"Death rate, crude (per 1,000 people)",SP.DYN.CDRT.IN,IDA total,IDA,..,..,..,..,..,..,..,..,..,..
"Death rate, crude (per 1,000 people)",SP.DYN.CDRT.IN,India,IND,6.79,6.67,6.603,6.593,6.644,6.71,7.35,9.448,9.074,..
"Death rate, crude (per 1,000 people)",SP.DYN.CDRT.IN,Indonesia,IDN,7.43,7.46,7.529,7.579,7.496,7.539,8.964,10.065,9.59,..
"Death rate, crude (per 1,000 people)",SP.DYN.CDRT.IN,"Iran, Islamic Rep.",IRN,4.905,4.842,4.726,4.692,4.715,4.872,5.567,6.437,6.152,..
"Death rate, crude (per 1,000 people)",SP.DYN.CDRT.IN,Iraq,IRQ,5.16,4.961,5.13,4.637,4.282,4.301,5.239,4.753,4.433,..
"Death rate, crude (per 1,000 people)",SP.DYN.CDRT.IN,Ireland,IRL,6.3,6.4,6.4,6.3,6.4,6.3,6.5,6.8,6.9,..
"Death rate, crude (per 1,000 people)",SP.DYN.CDRT.IN,Isle of Man,IMN,9.781,10.905,9.979,10.023,10.054,10.09,10.414,10.604,10.461,..
"Death rate, crude (per 1,000 people)",SP.DYN.CDRT.IN,Israel,ISR,5.2,5.3,5.2,5.2,5,5.1,5.3,5.4,5.4,..
"Death rate, crude (per 1,000 people)",SP.DYN.CDRT.IN,Italy,ITA,9.8,10.7,10.1,10.7,10.5,10.6,12.5,11.9,12.1,..
"Death rate, crude (per 1,000 people)",SP.DYN.CDRT.IN,Jamaica,JAM,6.238,6.653,6.971,7.145,7.318,7.477,7.583,8.797,8.787,..
"Death rate, crude (per 1,000 people)",SP.DYN.CDRT.IN,Japan,JPN,10.1,10.3,10.5,10.8,11,11.2,11.1,11.7,12.9,..
"Death rate, crude (per 1,000 people)",SP.DYN.CDRT.IN,Jordan,JOR,3.361,3.169,3.169,3.155,3.15,3.148,3.475,3.868,3.957,..
"Death rate, crude (per 1,000 people)",SP.DYN.CDRT.IN,Kazakhstan,KAZ,7.65,7.46,7.37,7.15,7.14,7.19,8.6,9.61,6.8,..
"Death rate, crude (per 1,000 people)",SP.DYN.CDRT.IN,Kenya,KEN,7.304,7.361,7.34,7.294,7.305,7.29,7.456,8.056,7.83,..
"Death rate, crude (per 1,000 people)",SP.DYN.CDRT.IN,Kiribati,KIR,6.727,6.623,6.519,6.426,6.345,6.252,6.242,6.236,6.182,..
"Death rate, crude (per 1,000 people)",SP.DYN.CDRT.IN,"Korea, Dem. People's Rep.",PRK,8.183,8.088,8.327,8.502,8.721,8.878,9.078,9.313,9.353,..
"Death rate, crude (per 1,000 people)",SP.DYN.CDRT.IN,"Korea, Rep.",KOR,5.3,5.4,5.5,5.6,5.8,5.7,5.9,6.2,7.3,..
"Death rate, crude (per 1,000 people)",SP.DYN.CDRT.IN,Kosovo,XKX,4.645,4.841,4.973,5.262,5.505,5.56,7.505,7.22,5.709,..
"Death rate, crude (per 1,000 people)",SP.DYN.CDRT.IN,Kuwait,KWT,1.695,1.761,1.811,1.914,2.052,2.194,3.254,2.906,2.606,..
"Death rate, crude (per 1,000 people)",SP.DYN.CDRT.IN,Kyrgyz Republic,KGZ,6.1,5.8,5.5,5.4,5.2,5.2,6.1,5.8,4.5,..
"Death rate, crude (per 1,000 people)",SP.DYN.CDRT.IN,Lao PDR,LAO,7.465,7.513,7.135,6.91,6.755,6.505,6.366,6.613,6.195,..
"Death rate, crude (per 1,000 people)",SP.DYN.CDRT.IN,Late-demographic dividend,LTE,7.38059584367202,7.37315130985093,7.35592013918644,7.34947577068738,7.38791454312163,7.39217173379521,7.72703283712331,8.21453284440407,7.89467387998073,..
"Death rate, crude (per 1,000 people)",SP.DYN.CDRT.IN,Latin America & Caribbean,LCN,6.16514939023457,6.26218915449296,6.41705489040676,6.45535593681834,6.52737506561742,6.57044141894991,7.76827842929838,8.43517377153366,7.58300279037262,..
"Death rate, crude (per 1,000 people)",SP.DYN.CDRT.IN,Latin America & Caribbean (excluding high income),LAC,6.14534764580676,6.25422956148321,6.3895326376511,6.41956886086313,6.48668616965408,6.52396830153495,7.78606369075862,8.46460206506584,7.54639043436452,..
"Death rate, crude (per 1,000 people)",SP.DYN.CDRT.IN,Latin America & the Caribbean (IDA & IBRD countries),TLA,6.1001522282133,6.19836318584496,6.34826200337475,6.38147732790021,6.45387148427331,6.49633232179428,7.71202073484731,8.31606883832272,7.52590729607263,..
"Death rate, crude (per 1,000 people)",SP.DYN.CDRT.IN,Latvia,LVA,14.3,14.4,14.6,14.8,15,14.5,15.2,18.4,16.4,..
"Death rate, crude (per 1,000 people)",SP.DYN.CDRT.IN,Least developed countries: UN classification,LDC,8.05683575667925,7.88602157712566,7.65872565347314,7.48887022932206,7.3222312023318,7.19797843806437,7.41880775391342,7.60268850822306,7.26739920088225,..
"Death rate, crude (per 1,000 people)",SP.DYN.CDRT.IN,Lebanon,LBN,4.221,4.235,4.343,4.495,4.704,5.178,6.253,8.271,8.857,..
"Death rate, crude (per 1,000 people)",SP.DYN.CDRT.IN,Lesotho,LSO,15.519,14.825,14.126,13.651,13.259,13.014,12.858,14.186,14.069,..
"Death rate, crude (per 1,000 people)",SP.DYN.CDRT.IN,Liberia,LBR,9.799,9.715,9.059,8.954,8.793,8.658,8.753,8.838,8.632,..
"Death rate, crude (per 1,000 people)",SP.DYN.CDRT.IN,Libya,LBY,5.43,5.427,5.48,5.284,5.245,5.454,5.598,6.018,5.954,..
"Death rate, crude (per 1,000 people)",SP.DYN.CDRT.IN,Liechtenstein,LIE,7.2,6.7,7.2,6.6,7.2,6.8,8.2,6.9,7.1,..
"Death rate, crude (per 1,000 people)",SP.DYN.CDRT.IN,Lithuania,LTU,13.7,14.4,14.3,14.2,14.1,13.7,15.6,17,15.1,..
"Death rate, crude (per 1,000 people)",SP.DYN.CDRT.IN,Low & middle income,LMY,7.27303894536018,7.20542506553298,7.14641517227964,7.10314162176735,7.0851184429951,7.07616965609603,7.52583512157328,8.28685275834222,7.97176223155167,..
"Death rate, crude (per 1,000 people)",SP.DYN.CDRT.IN,Low income,LIC,8.66828316015125,8.44018252171586,8.19070281609698,7.99128954420026,7.82072738092014,7.63891014043918,7.79494544694132,7.96338277301322,7.70790332025594,..
"Death rate, crude (per 1,000 people)",SP.DYN.CDRT.IN,Lower middle income,LMC,7.27998084432946,7.18165438523593,7.09436017689201,7.03684583861738,7.01850606241015,7.02112238180617,7.43416925651049,8.62738507990331,8.22000137956118,..
"Death rate, crude (per 1,000 people)",SP.DYN.CDRT.IN,Luxembourg,LUX,6.9,7,6.8,7.1,7.1,6.9,7.3,7,6.8,..
"Death rate, crude (per 1,000 people)",SP.DYN.CDRT.IN,"Macao SAR, China",MAC,3.768,3.851,3.877,3.864,3.86,3.983,4.047,4.111,4.256,..
"Death rate, crude (per 1,000 people)",SP.DYN.CDRT.IN,Madagascar,MDG,7.076,7.049,6.81,6.79,6.736,6.518,6.801,7.104,6.799,..
"Death rate, crude (per 1,000 people)",SP.DYN.CDRT.IN,Malawi,MWI,8.376,8.005,7.541,7.149,6.955,6.611,6.706,6.983,6.934,..
"Death rate, crude (per 1,000 people)",SP.DYN.CDRT.IN,Malaysia,MYS,4.981,5.096,5.109,5.132,5.175,5.253,5.311,6.034,5.443,..
"Death rate, crude (per 1,000 people)",SP.DYN.CDRT.IN,Maldives,MDV,2.718,2.718,2.738,2.784,2.828,2.858,3.001,3.02,2.777,..
"Death rate, crude (per 1,000 people)",SP.DYN.CDRT.IN,Mali,MLI,10.548,10.211,9.927,9.637,9.419,9.205,9.529,9.274,8.951,..
"Death rate, crude (per 1,000 people)",SP.DYN.CDRT.IN,Malta,MLT,7.5,7.7,7.3,7.6,7.6,7.3,7.9,8,8,..
"Death rate, crude (per 1,000 people)",SP.DYN.CDRT.IN,Marshall Islands,MHL,6.94,6.975,7.021,7.097,7.187,7.29,7.425,7.556,7.919,..
"Death rate, crude (per 1,000 people)",SP.DYN.CDRT.IN,Mauritania,MRT,8.301,7.979,7.707,7.446,7.248,7.003,7.466,7.44,7.203,..
"Death rate, crude (per 1,000 people)",SP.DYN.CDRT.IN,Mauritius,MUS,7.7,7.7,8.1,8,8.5,8.8,8.7,10.5,10.2,..
"Death rate, crude (per 1,000 people)",SP.DYN.CDRT.IN,Mexico,MEX,5.805,6.007,6.305,6.615,6.856,6.931,9.33,9.406,6.705,..
"Death rate, crude (per 1,000 people)",SP.DYN.CDRT.IN,"Micronesia, Fed. Sts.",FSM,4.844,5.008,5.073,5.265,5.472,5.728,6.065,6.211,6.275,..
"Death rate, crude (per 1,000 people)",SP.DYN.CDRT.IN,Middle East & North Africa,MEA,5.00724810955592,4.95607515571741,4.89808570869213,4.77857760361641,4.77304637901421,4.79364854147895,5.28524017337296,5.54546486746989,5.40629779005053,..
"Death rate, crude (per 1,000 people)",SP.DYN.CDRT.IN,Middle East & North Africa (excluding high income),MNA,5.41244381643723,5.34609765196713,5.27669626705711,5.13244240738113,5.12610322043676,5.14272312223191,5.65299678779145,5.94223989212405,5.7984930686477,..
"Death rate, crude (per 1,000 people)",SP.DYN.CDRT.IN,Middle East & North Africa (IDA & IBRD countries),TMN,5.43047068078653,5.36942129135211,5.29934916084573,5.15398782753934,5.14709311041241,5.16515372800054,5.67853507678882,5.9675878665686,5.82188354047032,..
"Death rate, crude (per 1,000 people)",SP.DYN.CDRT.IN,Middle income,MIC,7.12532413061776,7.07297486441804,7.03274702455607,7.00497637313371,7.00249261221286,7.01184756577973,7.49451655528793,8.32518495462241,8.0036469902121,..
"Death rate, crude (per 1,000 people)",SP.DYN.CDRT.IN,Moldova,MDA,14.166,14.133,13.54,13.088,13.339,13.089,14.445,16.36,16.609,..
"Death rate, crude (per 1,000 people)",SP.DYN.CDRT.IN,Monaco,MCO,..,7.6,7.9,..,6.6,..,..,..,..,..
"Death rate, crude (per 1,000 people)",SP.DYN.CDRT.IN,Mongolia,MNG,6.276,6.158,6.075,5.994,5.663,5.499,5.475,6.131,5.479,..
"Death rate, crude (per 1,000 people)",SP.DYN.CDRT.IN,Montenegro,MNE,9.7,10.2,10.4,10.5,10.5,10.6,11.7,14.8,11.5,..
"Death rate, crude (per 1,000 people)",SP.DYN.CDRT.IN,Morocco,MAR,5.741,5.705,5.674,5.642,5.637,5.658,6.073,6.17,5.766,..
"Death rate, crude (per 1,000 people)",SP.DYN.CDRT.IN,Mozambique,MOZ,10.005,9.506,9.049,8.69,8.337,8.04,8.004,8.793,8.611,..
"Death rate, crude (per 1,000 people)",SP.DYN.CDRT.IN,Myanmar,MMR,8.804,8.673,8.753,8.808,8.622,8.692,8.819,9.769,8.749,..
"Death rate, crude (per 1,000 people)",SP.DYN.CDRT.IN,Namibia,NAM,9.427,9.077,8.686,8.47,8.403,8.248,8.475,10.709,11.457,..
"Death rate, crude (per 1,000 people)",SP.DYN.CDRT.IN,Nauru,NRU,7.13,6.933,6.76,6.65,6.566,6.48,6.602,6.633,6.582,..
"Death rate, crude (per 1,000 people)",SP.DYN.CDRT.IN,Nepal,NPL,6.981,7.376,6.93,6.971,7.041,6.871,7.209,7.776,6.651,..
"Death rate, crude (per 1,000 people)",SP.DYN.CDRT.IN,Netherlands,NLD,8.3,8.7,8.7,8.8,8.9,8.8,9.7,9.8,9.6,..
"Death rate, crude (per 1,000 people)",SP.DYN.CDRT.IN,New Caledonia,NCL,5.2,5.4,5.8,5.7,5.7,6,5.7,7.3,7.1,..
"Death rate, crude (per 1,000 people)",SP.DYN.CDRT.IN,New Zealand,NZL,6.87,6.85,6.61,6.92,6.78,6.87,6.41,6.83,7.53,..
"Death rate, crude (per 1,000 people)",SP.DYN.CDRT.IN,Nicaragua,NIC,4.597,4.635,4.633,4.619,4.605,4.626,5.703,4.859,4.655,..
"Death rate, crude (per 1,000 people)",SP.DYN.CDRT.IN,Niger,NER,9.016,8.799,8.512,8.239,8.061,7.824,8.281,8.141,7.834,..
"Death rate, crude (per 1,000 people)",SP.DYN.CDRT.IN,Nigeria,NGA,13.892,13.803,13.638,13.435,13.239,12.989,12.997,13.083,12.431,..
"Death rate, crude (per 1,000 people)",SP.DYN.CDRT.IN,North America,NAC,8.14309905732428,8.33570815445587,8.38299132440903,8.53293168310483,8.57831950111966,8.58419924459709,10.0464834506388,10.1729992659293,9.67436303391989,..
"Death rate, crude (per 1,000 people)",SP.DYN.CDRT.IN,North Macedonia,MKD,9.5,9.9,9.853364793075,9.8,9.5,9.8,12.4,15.5,12.3,..
"Death rate, crude (per 1,000 people)",SP.DYN.CDRT.IN,Northern Mariana Islands,MNP,4.3,..,..,..,..,4,..,..,..,..
"Death rate, crude (per 1,000 people)",SP.DYN.CDRT.IN,Norway,NOR,7.9,7.8,7.8,7.7,7.7,7.6,7.5,7.8,8.4,..
"Death rate, crude (per 1,000 people)",SP.DYN.CDRT.IN,Not classified,INX,..,..,..,..,..,..,..,..,..,..
"Death rate, crude (per 1,000 people)",SP.DYN.CDRT.IN,OECD members,OED,8.11870319325912,8.40754780102776,8.39451870975086,8.57457310331732,8.63763108149237,8.62423389688857,9.76462837199169,9.94082499442474,9.54681666904435,..
"Death rate, crude (per 1,000 people)",SP.DYN.CDRT.IN,Oman,OMN,2.243,2.205,2.154,2.155,2.172,2.205,3.025,3.796,3.279,..
"Death rate, crude (per 1,000 people)",SP.DYN.CDRT.IN,Other small states,OSS,7.54068115957533,7.45308865409912,7.38169042335744,7.26736403314074,7.25737016142419,7.20625390410528,7.46188190168305,8.30089093192554,7.91093079011442,..
"Death rate, crude (per 1,000 people)",SP.DYN.CDRT.IN,Pacific island small states,PSS,6.48571832089695,6.601148752625,6.51401945672048,6.41690487279326,6.41777770368086,6.46235225880989,6.49285970884585,6.75413121225991,6.49504406410109,..
"Death rate, crude (per 1,000 people)",SP.DYN.CDRT.IN,Pakistan,PAK,7.274,7.097,7.036,6.89,6.843,6.765,7.06,7.168,7.021,..
"Death rate, crude (per 1,000 people)",SP.DYN.CDRT.IN,Palau,PLW,9.5,7.7,9.9,10.3,7.8,10.2,8.4,9.7,11.4,..
"Death rate, crude (per 1,000 people)",SP.DYN.CDRT.IN,Panama,PAN,4.856,4.875,4.904,4.947,5.013,5.12,5.747,6.067,5.904,..
"Death rate, crude (per 1,000 people)",SP.DYN.CDRT.IN,Papua New Guinea,PNG,6.734,6.585,6.57,6.508,6.532,6.468,6.402,6.683,6.459,..
"Death rate, crude (per 1,000 people)",SP.DYN.CDRT.IN,Paraguay,PRY,5.481,5.446,5.398,5.445,5.569,5.636,5.916,7.638,7.437,..
"Death rate, crude (per 1,000 people)",SP.DYN.CDRT.IN,Peru,PER,6.612,6.438,6.318,6.173,6.103,6.006,7.327,7.988,7.505,..
"Death rate, crude (per 1,000 people)",SP.DYN.CDRT.IN,Philippines,PHL,5.704,5.736,5.695,5.665,5.631,5.609,5.566,7.311,5.568,..
"Death rate, crude (per 1,000 people)",SP.DYN.CDRT.IN,Poland,POL,9.9,10.4,10.2,10.6,10.9,10.8,12.6,13.8,12.2,..
"Death rate, crude (per 1,000 people)",SP.DYN.CDRT.IN,Portugal,PRT,10.1,10.5,10.7,10.7,11,10.9,12,12,11.9,..
"Death rate, crude (per 1,000 people)",SP.DYN.CDRT.IN,Post-demographic dividend,PST,9.07084339683193,9.38674594171055,9.33056166002021,9.50958695566311,9.56774062159046,9.54448693878762,10.5488346931525,10.8176399045392,10.8194293048492,..
"Death rate, crude (per 1,000 people)",SP.DYN.CDRT.IN,Pre-demographic dividend,PRE,9.82051273517703,9.61285992960514,9.38936007188482,9.16671431045318,8.95816941578612,8.77147621000545,8.92627655047725,9.05970139714398,8.71110187554553,..
"Death rate, crude (per 1,000 people)",SP.DYN.CDRT.IN,Puerto Rico,PRI,8.5,8.084,8.86,9.222,9.063,9.194,10.131,10.2,11,..
"Death rate, crude (per 1,000 people)",SP.DYN.CDRT.IN,Qatar,QAT,1.102,1.032,0.991,0.985,0.982,0.991,1.219,1.311,1.08,..
"Death rate, crude (per 1,000 people)",SP.DYN.CDRT.IN,Romania,ROU,12.8,13.2,13.1,13.4,13.6,13.4,15.5,17.5,14.3,..
"Death rate, crude (per 1,000 people)",SP.DYN.CDRT.IN,Russian Federation,RUS,13.1,13,12.9,12.4,12.5,12.3,14.6,16.7,12.9,..
"Death rate, crude (per 1,000 people)",SP.DYN.CDRT.IN,Rwanda,RWA,6.953,6.724,6.49,6.367,6.227,6.137,5.998,6.28,5.847,..
"Death rate, crude (per 1,000 people)",SP.DYN.CDRT.IN,Samoa,WSM,5.285,5.281,5.29,5.29,5.297,5.5,5.305,5.343,5.45,..
"Death rate, crude (per 1,000 people)",SP.DYN.CDRT.IN,San Marino,SMR,7.7,7.1,7.6,8.2,7.1,7.2,9.9,9.1,7.8,..
"Death rate, crude (per 1,000 people)",SP.DYN.CDRT.IN,Sao Tome and Principe,STP,6.345,6.198,6.123,5.863,5.879,5.876,6.294,6.387,5.838,..
"Death rate, crude (per 1,000 people)",SP.DYN.CDRT.IN,Saudi Arabia,SAU,2.488,2.542,2.605,2.64,2.655,2.656,2.913,2.864,2.752,..
"Death rate, crude (per 1,000 people)",SP.DYN.CDRT.IN,Senegal,SEN,6.318,6.109,5.84,5.721,5.579,5.409,5.584,5.922,5.548,..
"Death rate, crude (per 1,000 people)",SP.DYN.CDRT.IN,Serbia,SRB,14.2,14.6,14.3,14.8,14.6,14.6,16.9,20,16.2,..
"Death rate, crude (per 1,000 people)",SP.DYN.CDRT.IN,Seychelles,SYC,7.9,7.5,7.9,7.8,8.4,8.1,6.8,9.3,7.8,..
"Death rate, crude (per 1,000 people)",SP.DYN.CDRT.IN,Sierra Leone,SLE,11.219,10.712,10.046,9.88,9.308,9.065,9.296,9.113,8.909,..
"Death rate, crude (per 1,000 people)",SP.DYN.CDRT.IN,Singapore,SGP,4.7,4.8,4.8,5,5,5,5.2,5.8,6.3,..
"Death rate, crude (per 1,000 people)",SP.DYN.CDRT.IN,Sint Maarten (Dutch part),SXM,4.7,5.4,4.1,4.2,4,4.7,5.5,5.6,6,..
"Death rate, crude (per 1,000 people)",SP.DYN.CDRT.IN,Slovak Republic,SVK,9.5,9.9,9.6,9.9,10,9.8,10.8,13.5,11,..
"Death rate, crude (per 1,000 people)",SP.DYN.CDRT.IN,Slovenia,SVN,9.2,9.6,9.5,9.9,9.9,9.9,11.4,11,10.6,..
"Death rate, crude (per 1,000 people)",SP.DYN.CDRT.IN,Small states,SST,7.35854673082666,7.30074545033344,7.23411619685996,7.14107741047204,7.13301274411325,7.13765237232578,7.36551158657993,8.2037301518967,7.84410213838681,..
"Death rate, crude (per 1,000 people)",SP.DYN.CDRT.IN,Solomon Islands,SLB,5.407,5.26,5.176,5.11,5.052,4.989,5.082,5.028,4.888,..
"Death rate, crude (per 1,000 people)",SP.DYN.CDRT.IN,Somalia,SOM,12.81,12.447,12.275,11.891,11.444,11.041,11.39,11.596,11.012,..
"Death rate, crude (per 1,000 people)",SP.DYN.CDRT.IN,South Africa,ZAF,9.432,9.259,8.924,8.802,8.765,8.614,9.425,11.432,12.032,..
"Death rate, crude (per 1,000 people)",SP.DYN.CDRT.IN,South Asia,SAS,6.78308897877457,6.6676046399039,6.5849323052587,6.54462121124803,6.55951308433329,6.59675278285219,7.16652966188531,8.73700874686182,8.37629590288004,..
"Death rate, crude (per 1,000 people)",SP.DYN.CDRT.IN,South Asia (IDA & IBRD),TSA,6.78308897877457,6.6676046399039,6.5849323052587,6.54462121124803,6.55951308433329,6.59675278285219,7.16652966188531,8.73700874686182,8.37629590288004,..
"Death rate, crude (per 1,000 people)",SP.DYN.CDRT.IN,South Sudan,SSD,11.493,11.072,11.01,11.01,10.584,10.531,10.759,11.05,10.745,..
"Death rate, crude (per 1,000 people)",SP.DYN.CDRT.IN,Spain,ESP,8.5,9.1,8.8,9.1,9.1,8.8,10.4,9.5,9.7,..
"Death rate, crude (per 1,000 people)",SP.DYN.CDRT.IN,Sri Lanka,LKA,6.979,6.98,6.896,7.029,7.037,7.072,7.056,7.36,7.287,..
"Death rate, crude (per 1,000 people)",SP.DYN.CDRT.IN,St. Kitts and Nevis,KNA,9.612,9.763,9.372,9.443,9.83,9.91,10.036,10.181,10.078,..
"Death rate, crude (per 1,000 people)",SP.DYN.CDRT.IN,St. Lucia,LCA,7.724,7.706,7.848,7.968,7.976,8.068,8.205,10.299,10.151,..
"Death rate, crude (per 1,000 people)",SP.DYN.CDRT.IN,St. Martin (French part),MAF,3.862,4.257,4.345,4.747,4.176,4.661,4.788,4.911,5.101,..
"Death rate, crude (per 1,000 people)",SP.DYN.CDRT.IN,St. Vincent and the Grenadines,VCT,7.858,8.105,8.385,8.592,8.906,10.1,11.038,13.425,14.004,..
"Death rate, crude (per 1,000 people)",SP.DYN.CDRT.IN,Sub-Saharan Africa,SSF,9.71988291084333,9.50084235064307,9.24578091704009,9.04411235090279,8.85385913301965,8.67177042493841,8.82752284807692,9.10651644284259,8.82196006160229,..
"Death rate, crude (per 1,000 people)",SP.DYN.CDRT.IN,Sub-Saharan Africa (excluding high income),SSA,9.72005232199016,9.50102767256903,9.24590389673097,9.04422444024733,8.8538993381167,8.67182019890681,8.82769626132143,9.10650018225477,8.82206122050782,..
"Death rate, crude (per 1,000 people)",SP.DYN.CDRT.IN,Sub-Saharan Africa (IDA & IBRD countries),TSS,9.71988291084333,9.50084235064307,9.24578091704009,9.04411235090279,8.85385913301965,8.67177042493841,8.82752284807692,9.10651644284259,8.82196006160229,..
"Death rate, crude (per 1,000 people)",SP.DYN.CDRT.IN,Sudan,SDN,7.143,7.012,6.974,6.728,6.647,6.586,6.67,6.799,6.677,..
"Death rate, crude (per 1,000 people)",SP.DYN.CDRT.IN,Suriname,SUR,7.646,7.215,6.941,6.672,6.753,7.06,7.036,8.667,8.637,..
"Death rate, crude (per 1,000 people)",SP.DYN.CDRT.IN,Sweden,SWE,9.2,9.3,9.2,9.1,9.1,8.6,9.5,8.8,9,..
"Death rate, crude (per 1,000 people)",SP.DYN.CDRT.IN,Switzerland,CHE,7.8,8.2,7.8,7.9,7.9,7.9,8.8,8.2,8.5,..
"Death rate, crude (per 1,000 people)",SP.DYN.CDRT.IN,Syrian Arab Republic,SYR,8.072,7.297,6.999,6.033,5.554,5.033,4.99,5.117,5.047,..
"Death rate, crude (per 1,000 people)",SP.DYN.CDRT.IN,Tajikistan,TJK,5.512,5.43,5.325,5.172,5.014,4.843,6.121,4.548,4.695,..
"Death rate, crude (per 1,000 people)",SP.DYN.CDRT.IN,Tanzania,TZA,7.252,6.959,6.65,6.402,6.177,6.012,6.179,6.222,5.959,..
"Death rate, crude (per 1,000 people)",SP.DYN.CDRT.IN,Thailand,THA,6.627,6.724,6.814,6.897,7.027,7.14,7.264,7.922,7.487,..
"Death rate, crude (per 1,000 people)",SP.DYN.CDRT.IN,Timor-Leste,TLS,7.579,7.549,7.343,7.163,7.012,6.888,6.831,7.233,6.535,..
"Death rate, crude (per 1,000 people)",SP.DYN.CDRT.IN,Togo,TGO,9.438,9.165,9.092,8.803,8.766,8.465,8.417,8.168,8.213,..
"Death rate, crude (per 1,000 people)",SP.DYN.CDRT.IN,Tonga,TON,6.744,6.782,6.817,6.855,6.888,6.909,6.946,6.97,6.885,..
"Death rate, crude (per 1,000 people)",SP.DYN.CDRT.IN,Trinidad and Tobago,TTO,6.739,6.797,7.134,7.386,7.783,7.701,7.9,9.131,8.097,..
"Death rate, crude (per 1,000 people)",SP.DYN.CDRT.IN,Tunisia,TUN,5.715,5.811,5.883,5.974,6.04,6.145,6.752,7.884,7.601,..
"Death rate, crude (per 1,000 people)",SP.DYN.CDRT.IN,Turkiye,TUR,5.046,5.125,5.234,5.129,5.065,5.084,6.378,6.398,5.101,..
"Death rate, crude (per 1,000 people)",SP.DYN.CDRT.IN,Turkmenistan,TKM,6.567,6.53,6.574,6.537,6.639,6.583,6.836,6.585,6.585,..
"Death rate, crude (per 1,000 people)",SP.DYN.CDRT.IN,Turks and Caicos Islands,TCA,6.559,6.833,7.083,7.328,7.651,8.458,8.823,9.241,9.04,..
"Death rate, crude (per 1,000 people)",SP.DYN.CDRT.IN,Tuvalu,TUV,10.098,10.126,10.111,10.082,10.107,10.161,10.188,10.159,10.103,..
"Death rate, crude (per 1,000 people)",SP.DYN.CDRT.IN,Uganda,UGA,6.99,6.648,6.368,6.169,5.939,5.823,5.852,5.877,5.579,..
"Death rate, crude (per 1,000 people)",SP.DYN.CDRT.IN,Ukraine,UKR,14.7,14.9,14.7,14.5,14.8,14.7,15.9,18.5,21.4,..
"Death rate, crude (per 1,000 people)",SP.DYN.CDRT.IN,United Arab Emirates,ARE,0.948,1.014,1.102,1.202,1.324,1.471,1.766,1.874,1.865,..
"Death rate, crude (per 1,000 people)",SP.DYN.CDRT.IN,United Kingdom,GBR,8.8,9.2,9.1,9.2,9.2,9,10.1,9.7,9.1,..
"Death rate, crude (per 1,000 people)",SP.DYN.CDRT.IN,United States,USA,8.237,8.44,8.493,8.638,8.678,8.697,10.27,10.4,9.8,..
"Death rate, crude (per 1,000 people)",SP.DYN.CDRT.IN,Upper middle income,UMC,6.9689474238852,6.96235069997956,6.96959704612258,6.97208742418814,6.98584975467555,7.00213658377372,7.55823943925228,8.00315687440431,7.77053485709075,..
"Death rate, crude (per 1,000 people)",SP.DYN.CDRT.IN,Uruguay,URY,9.508,9.559,9.628,9.724,9.863,10.057,9.432,12.162,9.879,..
"Death rate, crude (per 1,000 people)",SP.DYN.CDRT.IN,Uzbekistan,UZB,4.9,4.9,4.9,5,4.7,4.6,5.1,5,4.8,..
"Death rate, crude (per 1,000 people)",SP.DYN.CDRT.IN,Vanuatu,VUT,6.048,6.001,5.921,5.829,5.739,5.663,5.487,5.395,5.312,..
"Death rate, crude (per 1,000 people)",SP.DYN.CDRT.IN,"Venezuela, RB",VEN,5.971,5.996,6.574,6.735,6.864,7.017,7.575,8.124,8.1,..
"Death rate, crude (per 1,000 people)",SP.DYN.CDRT.IN,Viet Nam,VNM,6.373,6.444,6.495,6.577,6.663,6.706,6.169,7.317,6.831,..
"Death rate, crude (per 1,000 people)",SP.DYN.CDRT.IN,Virgin Islands (U.S.),VIR,7.1,7.3,7.5,7.7,7.9,8.2,8.4,8.6,8.8,..
"Death rate, crude (per 1,000 people)",SP.DYN.CDRT.IN,West Bank and Gaza,PSE,3.829,3.304,3.302,3.26,3.317,3.225,3.489,3.815,3.854,..
"Death rate, crude (per 1,000 people)",SP.DYN.CDRT.IN,World,WLD,7.58187341863372,7.57192209458954,7.513983991006,7.4965646643379,7.48970644648313,7.47219923843719,8.03342483844351,8.72793539272072,8.3790200710905,..
"Death rate, crude (per 1,000 people)",SP.DYN.CDRT.IN,"Yemen, Rep.",YEM,5.566,6.137,6.052,6.082,6.629,6.416,6.509,6.845,6.824,..
"Death rate, crude (per 1,000 people)",SP.DYN.CDRT.IN,Zambia,ZMB,7.408,7.196,6.941,6.809,6.748,6.571,6.602,6.973,6.716,..
"Death rate, crude (per 1,000 people)",SP.DYN.CDRT.IN,Zimbabwe,ZWE,9.123,8.774,8.441,8.266,7.972,8.043,8.132,9.057,8.943,..
,,,,,,,,,,,,,
,,,,,,,,,,,,,
,,,,,,,,,,,,,
Data from database: Health Nutrition and Population Statistics,,,,,,,,,,,,,
Last Updated: 07/01/2024,,,,,,,,,,,,,
